id,emotion,original_pred,ko_pred,changed,layer,act_type,knockout_type
B-admiration-d1-v1,admiration,pride,pride,false,0,m,random
B-admiration-d1-v2,admiration,empathy,empathy,false,0,m,random
B-admiration-d1-v3,admiration,nostalgia,nostalgia,false,0,m,random
B-admiration-d1-v4,admiration,calm,calm,false,0,m,random
B-admiration-d2-v1,admiration,guilt,guilt,false,0,m,random
B-admiration-d2-v2,admiration,sadness,sadness,false,0,m,random
B-admiration-d2-v3,admiration,guilt,none,true,0,m,random
B-admiration-d2-v4,admiration,regret,regret,false,0,m,random
B-admiration-d3-v1,admiration,pride,pride,false,0,m,random
B-admiration-d3-v2,admiration,disappointment,disappointment,false,0,m,random
B-admiration-d3-v3,admiration,disappointment,frustration,true,0,m,random
B-admiration-d3-v4,admiration,curiosity,curiosity,false,0,m,random
B-amazement-d1-v1,amazement,awe,awe,false,0,m,random
B-amazement-d1-v2,amazement,surprise,surprise,false,0,m,random
B-amazement-d1-v3,amazement,wonder,wonder,false,0,m,random
B-amazement-d1-v4,amazement,relief,calm,true,0,m,random
B-amazement-d2-v1,amazement,relief,relief,false,0,m,random
B-amazement-d2-v2,amazement,awe,awe,false,0,m,random
B-amazement-d2-v3,amazement,relief,relief,false,0,m,random
B-amazement-d2-v4,amazement,relief,relief,false,0,m,random
B-amazement-d3-v1,amazement,understanding,understanding,false,0,m,random
B-amazement-d3-v2,amazement,curiosity,curiosity,false,0,m,random
B-amazement-d3-v3,amazement,confusion,surprise,true,0,m,random
B-amazement-d3-v4,amazement,polit,polite,true,0,m,random
B-ecstasy-d1-v1,ecstasy,grief,grief,false,0,m,random
B-ecstasy-d1-v2,ecstasy,sadness,sadness,false,0,m,random
B-ecstasy-d1-v3,ecstasy,frustration,frustration,false,0,m,random
B-ecstasy-d1-v4,ecstasy,pride,regret,true,0,m,random
B-ecstasy-d2-v1,ecstasy,nostalgia,nostalgia,false,0,m,random
B-ecstasy-d2-v2,ecstasy,anxiety,anxiety,false,0,m,random
B-ecstasy-d2-v3,ecstasy,nostalgia,nostalgia,false,0,m,random
B-ecstasy-d2-v4,ecstasy,curiosity,curiosity,false,0,m,random
B-ecstasy-d3-v1,ecstasy,surprise,surprise,false,0,m,random
B-ecstasy-d3-v2,ecstasy,wonder,wonder,false,0,m,random
B-ecstasy-d3-v3,ecstasy,confusion,confusion,false,0,m,random
B-ecstasy-d3-v4,ecstasy,curiosity,curiosity,false,0,m,random
B-grief-d1-v1,grief,nostalgia,nostalgia,false,0,m,random
B-grief-d1-v2,grief,indifference,indifference,false,0,m,random
B-grief-d1-v3,grief,sadness,sadness,false,0,m,random
B-grief-d1-v4,grief,grief,grief,false,0,m,random
B-grief-d2-v1,grief,sadness,sadness,false,0,m,random
B-grief-d2-v2,grief,nostalgia,nostalgia,false,0,m,random
B-grief-d2-v3,grief,nostalgia,nostalgia,false,0,m,random
B-grief-d2-v4,grief,nostalgia,nostalgia,false,0,m,random
B-grief-d3-v1,grief,sadness,sadness,false,0,m,random
B-grief-d3-v2,grief,sadness,sadness,false,0,m,random
B-grief-d3-v3,grief,nostalgia,nostalgia,false,0,m,random
B-grief-d3-v4,grief,sadness,sadness,false,0,m,random
B-loathing-d1-v1,loathing,satisfaction,indifference,true,0,m,random
B-loathing-d1-v2,loathing,relief,curiosity,true,0,m,random
B-loathing-d1-v3,loathing,surprise,surprise,false,0,m,random
B-loathing-d1-v4,loathing,pride,pride,false,0,m,random
B-loathing-d2-v1,loathing,fear,fear,false,0,m,random
B-loathing-d2-v2,loathing,confusion,curiosity,true,0,m,random
B-loathing-d2-v3,loathing,concern,curiosity,true,0,m,random
B-loathing-d2-v4,loathing,guilt,guilt,false,0,m,random
B-loathing-d3-v1,loathing,anger,anger,false,0,m,random
B-loathing-d3-v2,loathing,anger,anger,false,0,m,random
B-loathing-d3-v3,loathing,anger,none,true,0,m,random
B-loathing-d3-v4,loathing,anger,anger,false,0,m,random
B-rage-d1-v1,rage,anger,anger,false,0,m,random
B-rage-d1-v2,rage,satisfaction,satisfaction,false,0,m,random
B-rage-d1-v3,rage,anger,worry,true,0,m,random
B-rage-d1-v4,rage,guilt,guilt,false,0,m,random
B-rage-d2-v1,rage,relief,none,true,0,m,random
B-rage-d2-v2,rage,anger,anger,false,0,m,random
B-rage-d2-v3,rage,frustration,frustration,false,0,m,random
B-rage-d2-v4,rage,concern,concern,false,0,m,random
B-rage-d3-v1,rage,guilt,guilt,false,0,m,random
B-rage-d3-v2,rage,fear,fear,false,0,m,random
B-rage-d3-v3,rage,indifference,none,true,0,m,random
B-rage-d3-v4,rage,anger,anger,false,0,m,random
B-terror-d1-v1,terror,surprise,surprise,false,0,m,random
B-terror-d1-v2,terror,confusion,confusion,false,0,m,random
B-terror-d1-v3,terror,fear,fear,false,0,m,random
B-terror-d1-v4,terror,fear,fear,false,0,m,random
B-terror-d2-v1,terror,sadness,indifference,true,0,m,random
B-terror-d2-v2,terror,anxiety,surprise,true,0,m,random
B-terror-d2-v3,terror,anxiety,anxiety,false,0,m,random
B-terror-d2-v4,terror,fear,fear,false,0,m,random
B-terror-d3-v1,terror,fear,fear,false,0,m,random
B-terror-d3-v2,terror,fear,none,true,0,m,random
B-terror-d3-v3,terror,fear,fear,false,0,m,random
B-terror-d3-v4,terror,curiosity,curiosity,false,0,m,random
B-vigilance-d1-v1,vigilance,surprise,surprise,false,0,m,random
B-vigilance-d1-v2,vigilance,fear,surprise,true,0,m,random
B-vigilance-d1-v3,vigilance,anxiety,anxiety,false,0,m,random
B-vigilance-d1-v4,vigilance,relief,surprise,true,0,m,random
B-vigilance-d2-v1,vigilance,anxiety,anxiety,false,0,m,random
B-vigilance-d2-v2,vigilance,anticipation,anticipation,false,0,m,random
B-vigilance-d2-v3,vigilance,excitement,none,true,0,m,random
B-vigilance-d2-v4,vigilance,indifference,indifference,false,0,m,random
B-vigilance-d3-v1,vigilance,calm,curiosity,true,0,m,random
B-vigilance-d3-v2,vigilance,anxiety,anxiety,false,0,m,random
B-vigilance-d3-v3,vigilance,fear,surprise,true,0,m,random
B-vigilance-d3-v4,vigilance,curiosity,curiosity,false,0,m,random
B-admiration-d1-v1,admiration,pride,curiosity,true,1,m,random
B-admiration-d1-v2,admiration,empathy,recognition,true,1,m,random
B-admiration-d1-v3,admiration,nostalgia,nostalgia,false,1,m,random
B-admiration-d1-v4,admiration,calm,precision,true,1,m,random
B-admiration-d2-v1,admiration,guilt,regret,true,1,m,random
B-admiration-d2-v2,admiration,sadness,nostalgia,true,1,m,random
B-admiration-d2-v3,admiration,guilt,guilt,false,1,m,random
B-admiration-d2-v4,admiration,regret,regret,false,1,m,random
B-admiration-d3-v1,admiration,pride,none,true,1,m,random
B-admiration-d3-v2,admiration,disappointment,disappointment,false,1,m,random
B-admiration-d3-v3,admiration,disappointment,pride,true,1,m,random
B-admiration-d3-v4,admiration,curiosity,curiosity,false,1,m,random
B-amazement-d1-v1,amazement,awe,wonder,true,1,m,random
B-amazement-d1-v2,amazement,surprise,surprise,false,1,m,random
B-amazement-d1-v3,amazement,wonder,wonder,false,1,m,random
B-amazement-d1-v4,amazement,relief,calm,true,1,m,random
B-amazement-d2-v1,amazement,relief,relief,false,1,m,random
B-amazement-d2-v2,amazement,awe,awe,false,1,m,random
B-amazement-d2-v3,amazement,relief,relief,false,1,m,random
B-amazement-d2-v4,amazement,relief,relief,false,1,m,random
B-amazement-d3-v1,amazement,understanding,understanding,false,1,m,random
B-amazement-d3-v2,amazement,curiosity,curiosity,false,1,m,random
B-amazement-d3-v3,amazement,confusion,confusion,false,1,m,random
B-amazement-d3-v4,amazement,polit,curiosity,true,1,m,random
B-ecstasy-d1-v1,ecstasy,grief,grief,false,1,m,random
B-ecstasy-d1-v2,ecstasy,sadness,confusion,true,1,m,random
B-ecstasy-d1-v3,ecstasy,frustration,frustration,false,1,m,random
B-ecstasy-d1-v4,ecstasy,pride,none,true,1,m,random
B-ecstasy-d2-v1,ecstasy,nostalgia,nostalgia,false,1,m,random
B-ecstasy-d2-v2,ecstasy,anxiety,anxiety,false,1,m,random
B-ecstasy-d2-v3,ecstasy,nostalgia,nostalgia,false,1,m,random
B-ecstasy-d2-v4,ecstasy,curiosity,curiosity,false,1,m,random
B-ecstasy-d3-v1,ecstasy,surprise,joy,true,1,m,random
B-ecstasy-d3-v2,ecstasy,wonder,wonder,false,1,m,random
B-ecstasy-d3-v3,ecstasy,confusion,confusion,false,1,m,random
B-ecstasy-d3-v4,ecstasy,curiosity,curiosity,false,1,m,random
B-grief-d1-v1,grief,nostalgia,nostalgia,false,1,m,random
B-grief-d1-v2,grief,indifference,indifference,false,1,m,random
B-grief-d1-v3,grief,sadness,sadness,false,1,m,random
B-grief-d1-v4,grief,grief,grief,false,1,m,random
B-grief-d2-v1,grief,sadness,sadness,false,1,m,random
B-grief-d2-v2,grief,nostalgia,anxiety,true,1,m,random
B-grief-d2-v3,grief,nostalgia,none,true,1,m,random
B-grief-d2-v4,grief,nostalgia,nostalgia,false,1,m,random
B-grief-d3-v1,grief,sadness,sadness,false,1,m,random
B-grief-d3-v2,grief,sadness,guilt,true,1,m,random
B-grief-d3-v3,grief,nostalgia,nostalgia,false,1,m,random
B-grief-d3-v4,grief,sadness,nostalgia,true,1,m,random
B-loathing-d1-v1,loathing,satisfaction,None,true,1,m,random
B-loathing-d1-v2,loathing,relief,none,true,1,m,random
B-loathing-d1-v3,loathing,surprise,none,true,1,m,random
B-loathing-d1-v4,loathing,pride,pride,false,1,m,random
B-loathing-d2-v1,loathing,fear,fear,false,1,m,random
B-loathing-d2-v2,loathing,confusion,curiosity,true,1,m,random
B-loathing-d2-v3,loathing,concern,curiosity,true,1,m,random
B-loathing-d2-v4,loathing,guilt,anxiety,true,1,m,random
B-loathing-d3-v1,loathing,anger,guilt,true,1,m,random
B-loathing-d3-v2,loathing,anger,anger,false,1,m,random
B-loathing-d3-v3,loathing,anger,anger,false,1,m,random
B-loathing-d3-v4,loathing,anger,none,true,1,m,random
B-rage-d1-v1,rage,anger,anger,false,1,m,random
B-rage-d1-v2,rage,satisfaction,none,true,1,m,random
B-rage-d1-v3,rage,anger,greed,true,1,m,random
B-rage-d1-v4,rage,guilt,guilt,false,1,m,random
B-rage-d2-v1,rage,relief,none,true,1,m,random
B-rage-d2-v2,rage,anger,none,true,1,m,random
B-rage-d2-v3,rage,frustration,frustration,false,1,m,random
B-rage-d2-v4,rage,concern,concern,false,1,m,random
B-rage-d3-v1,rage,guilt,guilt,false,1,m,random
B-rage-d3-v2,rage,fear,fear,false,1,m,random
B-rage-d3-v3,rage,indifference,none,true,1,m,random
B-rage-d3-v4,rage,anger,frustration,true,1,m,random
B-terror-d1-v1,terror,surprise,surprise,false,1,m,random
B-terror-d1-v2,terror,confusion,confusion,false,1,m,random
B-terror-d1-v3,terror,fear,fear,false,1,m,random
B-terror-d1-v4,terror,fear,fear,false,1,m,random
B-terror-d2-v1,terror,sadness,none,true,1,m,random
B-terror-d2-v2,terror,anxiety,anxiety,false,1,m,random
B-terror-d2-v3,terror,anxiety,anxiety,false,1,m,random
B-terror-d2-v4,terror,fear,fear,false,1,m,random
B-terror-d3-v1,terror,fear,fear,false,1,m,random
B-terror-d3-v2,terror,fear,none,true,1,m,random
B-terror-d3-v3,terror,fear,confusion,true,1,m,random
B-terror-d3-v4,terror,curiosity,confusion,true,1,m,random
B-vigilance-d1-v1,vigilance,surprise,curiosity,true,1,m,random
B-vigilance-d1-v2,vigilance,fear,fear,false,1,m,random
B-vigilance-d1-v3,vigilance,anxiety,none,true,1,m,random
B-vigilance-d1-v4,vigilance,relief,relief,false,1,m,random
B-vigilance-d2-v1,vigilance,anxiety,anxiety,false,1,m,random
B-vigilance-d2-v2,vigilance,anticipation,anticipation,false,1,m,random
B-vigilance-d2-v3,vigilance,excitement,joy,true,1,m,random
B-vigilance-d2-v4,vigilance,indifference,indifference,false,1,m,random
B-vigilance-d3-v1,vigilance,calm,curiosity,true,1,m,random
B-vigilance-d3-v2,vigilance,anxiety,anxiety,false,1,m,random
B-vigilance-d3-v3,vigilance,fear,surprise,true,1,m,random
B-vigilance-d3-v4,vigilance,curiosity,curiosity,false,1,m,random
B-admiration-d1-v1,admiration,pride,curiosity,true,2,m,random
B-admiration-d1-v2,admiration,empathy,recognition,true,2,m,random
B-admiration-d1-v3,admiration,nostalgia,nostalgia,false,2,m,random
B-admiration-d1-v4,admiration,calm,precision,true,2,m,random
B-admiration-d2-v1,admiration,guilt,guilt,false,2,m,random
B-admiration-d2-v2,admiration,sadness,sadness,false,2,m,random
B-admiration-d2-v3,admiration,guilt,anger,true,2,m,random
B-admiration-d2-v4,admiration,regret,regret,false,2,m,random
B-admiration-d3-v1,admiration,pride,pride,false,2,m,random
B-admiration-d3-v2,admiration,disappointment,disappointment,false,2,m,random
B-admiration-d3-v3,admiration,disappointment,frustration,true,2,m,random
B-admiration-d3-v4,admiration,curiosity,curiosity,false,2,m,random
B-amazement-d1-v1,amazement,awe,wonder,true,2,m,random
B-amazement-d1-v2,amazement,surprise,surprise,false,2,m,random
B-amazement-d1-v3,amazement,wonder,wonder,false,2,m,random
B-amazement-d1-v4,amazement,relief,relief,false,2,m,random
B-amazement-d2-v1,amazement,relief,relief,false,2,m,random
B-amazement-d2-v2,amazement,awe,awe,false,2,m,random
B-amazement-d2-v3,amazement,relief,relief,false,2,m,random
B-amazement-d2-v4,amazement,relief,relief,false,2,m,random
B-amazement-d3-v1,amazement,understanding,understanding,false,2,m,random
B-amazement-d3-v2,amazement,curiosity,curiosity,false,2,m,random
B-amazement-d3-v3,amazement,confusion,confusion,false,2,m,random
B-amazement-d3-v4,amazement,polit,polite,true,2,m,random
B-ecstasy-d1-v1,ecstasy,grief,grief,false,2,m,random
B-ecstasy-d1-v2,ecstasy,sadness,sadness,false,2,m,random
B-ecstasy-d1-v3,ecstasy,frustration,frustration,false,2,m,random
B-ecstasy-d1-v4,ecstasy,pride,regret,true,2,m,random
B-ecstasy-d2-v1,ecstasy,nostalgia,nostalgia,false,2,m,random
B-ecstasy-d2-v2,ecstasy,anxiety,anxiety,false,2,m,random
B-ecstasy-d2-v3,ecstasy,nostalgia,nostalgia,false,2,m,random
B-ecstasy-d2-v4,ecstasy,curiosity,curiosity,false,2,m,random
B-ecstasy-d3-v1,ecstasy,surprise,surprise,false,2,m,random
B-ecstasy-d3-v2,ecstasy,wonder,wonder,false,2,m,random
B-ecstasy-d3-v3,ecstasy,confusion,confusion,false,2,m,random
B-ecstasy-d3-v4,ecstasy,curiosity,curiosity,false,2,m,random
B-grief-d1-v1,grief,nostalgia,nostalgia,false,2,m,random
B-grief-d1-v2,grief,indifference,indifference,false,2,m,random
B-grief-d1-v3,grief,sadness,sadness,false,2,m,random
B-grief-d1-v4,grief,grief,grief,false,2,m,random
B-grief-d2-v1,grief,sadness,sadness,false,2,m,random
B-grief-d2-v2,grief,nostalgia,nostalgia,false,2,m,random
B-grief-d2-v3,grief,nostalgia,nostalgia,false,2,m,random
B-grief-d2-v4,grief,nostalgia,nostalgia,false,2,m,random
B-grief-d3-v1,grief,sadness,nostalgia,true,2,m,random
B-grief-d3-v2,grief,sadness,guilt,true,2,m,random
B-grief-d3-v3,grief,nostalgia,nostalgia,false,2,m,random
B-grief-d3-v4,grief,sadness,sadness,false,2,m,random
B-loathing-d1-v1,loathing,satisfaction,none,true,2,m,random
B-loathing-d1-v2,loathing,relief,curiosity,true,2,m,random
B-loathing-d1-v3,loathing,surprise,satisfaction,true,2,m,random
B-loathing-d1-v4,loathing,pride,pride,false,2,m,random
B-loathing-d2-v1,loathing,fear,fear,false,2,m,random
B-loathing-d2-v2,loathing,confusion,confusion,false,2,m,random
B-loathing-d2-v3,loathing,concern,curiosity,true,2,m,random
B-loathing-d2-v4,loathing,guilt,guilt,false,2,m,random
B-loathing-d3-v1,loathing,anger,anger,false,2,m,random
B-loathing-d3-v2,loathing,anger,anger,false,2,m,random
B-loathing-d3-v3,loathing,anger,anger,false,2,m,random
B-loathing-d3-v4,loathing,anger,anger,false,2,m,random
B-rage-d1-v1,rage,anger,anger,false,2,m,random
B-rage-d1-v2,rage,satisfaction,satisfaction,false,2,m,random
B-rage-d1-v3,rage,anger,greed,true,2,m,random
B-rage-d1-v4,rage,guilt,anger,true,2,m,random
B-rage-d2-v1,rage,relief,none,true,2,m,random
B-rage-d2-v2,rage,anger,frustration,true,2,m,random
B-rage-d2-v3,rage,frustration,frustration,false,2,m,random
B-rage-d2-v4,rage,concern,nostalgia,true,2,m,random
B-rage-d3-v1,rage,guilt,guilt,false,2,m,random
B-rage-d3-v2,rage,fear,fear,false,2,m,random
B-rage-d3-v3,rage,indifference,indifference,false,2,m,random
B-rage-d3-v4,rage,anger,anger,false,2,m,random
B-terror-d1-v1,terror,surprise,surprise,false,2,m,random
B-terror-d1-v2,terror,confusion,confusion,false,2,m,random
B-terror-d1-v3,terror,fear,fear,false,2,m,random
B-terror-d1-v4,terror,fear,fear,false,2,m,random
B-terror-d2-v1,terror,sadness,indifference,true,2,m,random
B-terror-d2-v2,terror,anxiety,anxiety,false,2,m,random
B-terror-d2-v3,terror,anxiety,anxiety,false,2,m,random
B-terror-d2-v4,terror,fear,fear,false,2,m,random
B-terror-d3-v1,terror,fear,fear,false,2,m,random
B-terror-d3-v2,terror,fear,fear,false,2,m,random
B-terror-d3-v3,terror,fear,confusion,true,2,m,random
B-terror-d3-v4,terror,curiosity,curiosity,false,2,m,random
B-vigilance-d1-v1,vigilance,surprise,surprise,false,2,m,random
B-vigilance-d1-v2,vigilance,fear,curiosity,true,2,m,random
B-vigilance-d1-v3,vigilance,anxiety,anxiety,false,2,m,random
B-vigilance-d1-v4,vigilance,relief,relief,false,2,m,random
B-vigilance-d2-v1,vigilance,anxiety,anxiety,false,2,m,random
B-vigilance-d2-v2,vigilance,anticipation,anticipation,false,2,m,random
B-vigilance-d2-v3,vigilance,excitement,excitement,false,2,m,random
B-vigilance-d2-v4,vigilance,indifference,curiosity,true,2,m,random
B-vigilance-d3-v1,vigilance,calm,anxiety,true,2,m,random
B-vigilance-d3-v2,vigilance,anxiety,anxiety,false,2,m,random
B-vigilance-d3-v3,vigilance,fear,fear,false,2,m,random
B-vigilance-d3-v4,vigilance,curiosity,curiosity,false,2,m,random
B-admiration-d1-v1,admiration,pride,curiosity,true,3,m,random
B-admiration-d1-v2,admiration,empathy,empathy,false,3,m,random
B-admiration-d1-v3,admiration,nostalgia,nostalgia,false,3,m,random
B-admiration-d1-v4,admiration,calm,precision,true,3,m,random
B-admiration-d2-v1,admiration,guilt,guilt,false,3,m,random
B-admiration-d2-v2,admiration,sadness,nostalgia,true,3,m,random
B-admiration-d2-v3,admiration,guilt,anger,true,3,m,random
B-admiration-d2-v4,admiration,regret,regret,false,3,m,random
B-admiration-d3-v1,admiration,pride,pride,false,3,m,random
B-admiration-d3-v2,admiration,disappointment,sadness,true,3,m,random
B-admiration-d3-v3,admiration,disappointment,frustration,true,3,m,random
B-admiration-d3-v4,admiration,curiosity,curiosity,false,3,m,random
B-amazement-d1-v1,amazement,awe,awe,false,3,m,random
B-amazement-d1-v2,amazement,surprise,awe,true,3,m,random
B-amazement-d1-v3,amazement,wonder,awe,true,3,m,random
B-amazement-d1-v4,amazement,relief,fear,true,3,m,random
B-amazement-d2-v1,amazement,relief,relief,false,3,m,random
B-amazement-d2-v2,amazement,awe,awe,false,3,m,random
B-amazement-d2-v3,amazement,relief,fear,true,3,m,random
B-amazement-d2-v4,amazement,relief,relief,false,3,m,random
B-amazement-d3-v1,amazement,understanding,curiosity,true,3,m,random
B-amazement-d3-v2,amazement,curiosity,curiosity,false,3,m,random
B-amazement-d3-v3,amazement,confusion,confusion,false,3,m,random
B-amazement-d3-v4,amazement,polit,polit,false,3,m,random
B-ecstasy-d1-v1,ecstasy,grief,grief,false,3,m,random
B-ecstasy-d1-v2,ecstasy,sadness,sadness,false,3,m,random
B-ecstasy-d1-v3,ecstasy,frustration,confusion,true,3,m,random
B-ecstasy-d1-v4,ecstasy,pride,pride,false,3,m,random
B-ecstasy-d2-v1,ecstasy,nostalgia,nostalgia,false,3,m,random
B-ecstasy-d2-v2,ecstasy,anxiety,anxiety,false,3,m,random
B-ecstasy-d2-v3,ecstasy,nostalgia,nostalgia,false,3,m,random
B-ecstasy-d2-v4,ecstasy,curiosity,curiosity,false,3,m,random
B-ecstasy-d3-v1,ecstasy,surprise,surprise,false,3,m,random
B-ecstasy-d3-v2,ecstasy,wonder,wonder,false,3,m,random
B-ecstasy-d3-v3,ecstasy,confusion,confusion,false,3,m,random
B-ecstasy-d3-v4,ecstasy,curiosity,curiosity,false,3,m,random
B-grief-d1-v1,grief,nostalgia,nostalgia,false,3,m,random
B-grief-d1-v2,grief,indifference,indifference,false,3,m,random
B-grief-d1-v3,grief,sadness,sadness,false,3,m,random
B-grief-d1-v4,grief,grief,grief,false,3,m,random
B-grief-d2-v1,grief,sadness,sadness,false,3,m,random
B-grief-d2-v2,grief,nostalgia,anxiety,true,3,m,random
B-grief-d2-v3,grief,nostalgia,nostalgia,false,3,m,random
B-grief-d2-v4,grief,nostalgia,nostalgia,false,3,m,random
B-grief-d3-v1,grief,sadness,nostalgia,true,3,m,random
B-grief-d3-v2,grief,sadness,guilt,true,3,m,random
B-grief-d3-v3,grief,nostalgia,nostalgia,false,3,m,random
B-grief-d3-v4,grief,sadness,nostalgia,true,3,m,random
B-loathing-d1-v1,loathing,satisfaction,satisfaction,false,3,m,random
B-loathing-d1-v2,loathing,relief,curiosity,true,3,m,random
B-loathing-d1-v3,loathing,surprise,none,true,3,m,random
B-loathing-d1-v4,loathing,pride,curiosity,true,3,m,random
B-loathing-d2-v1,loathing,fear,fear,false,3,m,random
B-loathing-d2-v2,loathing,confusion,disgust,true,3,m,random
B-loathing-d2-v3,loathing,concern,curiosity,true,3,m,random
B-loathing-d2-v4,loathing,guilt,guilt,false,3,m,random
B-loathing-d3-v1,loathing,anger,guilt,true,3,m,random
B-loathing-d3-v2,loathing,anger,anger,false,3,m,random
B-loathing-d3-v3,loathing,anger,anger,false,3,m,random
B-loathing-d3-v4,loathing,anger,justice,true,3,m,random
B-rage-d1-v1,rage,anger,anger,false,3,m,random
B-rage-d1-v2,rage,satisfaction,satisfaction,false,3,m,random
B-rage-d1-v3,rage,anger,greed,true,3,m,random
B-rage-d1-v4,rage,guilt,guilt,false,3,m,random
B-rage-d2-v1,rage,relief,none,true,3,m,random
B-rage-d2-v2,rage,anger,anger,false,3,m,random
B-rage-d2-v3,rage,frustration,frustration,false,3,m,random
B-rage-d2-v4,rage,concern,concern,false,3,m,random
B-rage-d3-v1,rage,guilt,guilt,false,3,m,random
B-rage-d3-v2,rage,fear,fear,false,3,m,random
B-rage-d3-v3,rage,indifference,indifference,false,3,m,random
B-rage-d3-v4,rage,anger,anger,false,3,m,random
B-terror-d1-v1,terror,surprise,fear,true,3,m,random
B-terror-d1-v2,terror,confusion,confusion,false,3,m,random
B-terror-d1-v3,terror,fear,fear,false,3,m,random
B-terror-d1-v4,terror,fear,fear,false,3,m,random
B-terror-d2-v1,terror,sadness,surprise,true,3,m,random
B-terror-d2-v2,terror,anxiety,anxiety,false,3,m,random
B-terror-d2-v3,terror,anxiety,anxiety,false,3,m,random
B-terror-d2-v4,terror,fear,fear,false,3,m,random
B-terror-d3-v1,terror,fear,curiosity,true,3,m,random
B-terror-d3-v2,terror,fear,fear,false,3,m,random
B-terror-d3-v3,terror,fear,confusion,true,3,m,random
B-terror-d3-v4,terror,curiosity,curiosity,false,3,m,random
B-vigilance-d1-v1,vigilance,surprise,curiosity,true,3,m,random
B-vigilance-d1-v2,vigilance,fear,fear,false,3,m,random
B-vigilance-d1-v3,vigilance,anxiety,anxiety,false,3,m,random
B-vigilance-d1-v4,vigilance,relief,relief,false,3,m,random
B-vigilance-d2-v1,vigilance,anxiety,anxiety,false,3,m,random
B-vigilance-d2-v2,vigilance,anticipation,anticipation,false,3,m,random
B-vigilance-d2-v3,vigilance,excitement,anxiety,true,3,m,random
B-vigilance-d2-v4,vigilance,indifference,indifference,false,3,m,random
B-vigilance-d3-v1,vigilance,calm,none,true,3,m,random
B-vigilance-d3-v2,vigilance,anxiety,anxiety,false,3,m,random
B-vigilance-d3-v3,vigilance,fear,curiosity,true,3,m,random
B-vigilance-d3-v4,vigilance,curiosity,curiosity,false,3,m,random
B-admiration-d1-v1,admiration,pride,pride,false,4,m,random
B-admiration-d1-v2,admiration,empathy,empathy,false,4,m,random
B-admiration-d1-v3,admiration,nostalgia,nostalgia,false,4,m,random
B-admiration-d1-v4,admiration,calm,calm,false,4,m,random
B-admiration-d2-v1,admiration,guilt,guilt,false,4,m,random
B-admiration-d2-v2,admiration,sadness,nostalgia,true,4,m,random
B-admiration-d2-v3,admiration,guilt,anger,true,4,m,random
B-admiration-d2-v4,admiration,regret,sadness,true,4,m,random
B-admiration-d3-v1,admiration,pride,pride,false,4,m,random
B-admiration-d3-v2,admiration,disappointment,disappointment,false,4,m,random
B-admiration-d3-v3,admiration,disappointment,frustration,true,4,m,random
B-admiration-d3-v4,admiration,curiosity,curiosity,false,4,m,random
B-amazement-d1-v1,amazement,awe,awe,false,4,m,random
B-amazement-d1-v2,amazement,surprise,awe,true,4,m,random
B-amazement-d1-v3,amazement,wonder,wonder,false,4,m,random
B-amazement-d1-v4,amazement,relief,fear,true,4,m,random
B-amazement-d2-v1,amazement,relief,relief,false,4,m,random
B-amazement-d2-v2,amazement,awe,awe,false,4,m,random
B-amazement-d2-v3,amazement,relief,grief,true,4,m,random
B-amazement-d2-v4,amazement,relief,relief,false,4,m,random
B-amazement-d3-v1,amazement,understanding,nostalgia,true,4,m,random
B-amazement-d3-v2,amazement,curiosity,curiosity,false,4,m,random
B-amazement-d3-v3,amazement,confusion,frustration,true,4,m,random
B-amazement-d3-v4,amazement,polit,curiosity,true,4,m,random
B-ecstasy-d1-v1,ecstasy,grief,grief,false,4,m,random
B-ecstasy-d1-v2,ecstasy,sadness,sadness,false,4,m,random
B-ecstasy-d1-v3,ecstasy,frustration,relief,true,4,m,random
B-ecstasy-d1-v4,ecstasy,pride,pride,false,4,m,random
B-ecstasy-d2-v1,ecstasy,nostalgia,nostalgia,false,4,m,random
B-ecstasy-d2-v2,ecstasy,anxiety,relief,true,4,m,random
B-ecstasy-d2-v3,ecstasy,nostalgia,nostalgia,false,4,m,random
B-ecstasy-d2-v4,ecstasy,curiosity,sadness,true,4,m,random
B-ecstasy-d3-v1,ecstasy,surprise,amusement,true,4,m,random
B-ecstasy-d3-v2,ecstasy,wonder,wonder,false,4,m,random
B-ecstasy-d3-v3,ecstasy,confusion,confusion,false,4,m,random
B-ecstasy-d3-v4,ecstasy,curiosity,curiosity,false,4,m,random
B-grief-d1-v1,grief,nostalgia,nostalgia,false,4,m,random
B-grief-d1-v2,grief,indifference,indifference,false,4,m,random
B-grief-d1-v3,grief,sadness,sadness,false,4,m,random
B-grief-d1-v4,grief,grief,grief,false,4,m,random
B-grief-d2-v1,grief,sadness,sadness,false,4,m,random
B-grief-d2-v2,grief,nostalgia,fear,true,4,m,random
B-grief-d2-v3,grief,nostalgia,sadness,true,4,m,random
B-grief-d2-v4,grief,nostalgia,nostalgia,false,4,m,random
B-grief-d3-v1,grief,sadness,sadness,false,4,m,random
B-grief-d3-v2,grief,sadness,sadness,false,4,m,random
B-grief-d3-v3,grief,nostalgia,nostalgia,false,4,m,random
B-grief-d3-v4,grief,sadness,sadness,false,4,m,random
B-loathing-d1-v1,loathing,satisfaction,greed,true,4,m,random
B-loathing-d1-v2,loathing,relief,relief,false,4,m,random
B-loathing-d1-v3,loathing,surprise,satisfaction,true,4,m,random
B-loathing-d1-v4,loathing,pride,pride,false,4,m,random
B-loathing-d2-v1,loathing,fear,fear,false,4,m,random
B-loathing-d2-v2,loathing,confusion,fear,true,4,m,random
B-loathing-d2-v3,loathing,concern,fear,true,4,m,random
B-loathing-d2-v4,loathing,guilt,sadness,true,4,m,random
B-loathing-d3-v1,loathing,anger,anger,false,4,m,random
B-loathing-d3-v2,loathing,anger,anger,false,4,m,random
B-loathing-d3-v3,loathing,anger,happiness,true,4,m,random
B-loathing-d3-v4,loathing,anger,anger,false,4,m,random
B-rage-d1-v1,rage,anger,anger,false,4,m,random
B-rage-d1-v2,rage,satisfaction,satisfaction,false,4,m,random
B-rage-d1-v3,rage,anger,greed,true,4,m,random
B-rage-d1-v4,rage,guilt,guilt,false,4,m,random
B-rage-d2-v1,rage,relief,relief,false,4,m,random
B-rage-d2-v2,rage,anger,anger,false,4,m,random
B-rage-d2-v3,rage,frustration,frustration,false,4,m,random
B-rage-d2-v4,rage,concern,concern,false,4,m,random
B-rage-d3-v1,rage,guilt,guilt,false,4,m,random
B-rage-d3-v2,rage,fear,fear,false,4,m,random
B-rage-d3-v3,rage,indifference,indifference,false,4,m,random
B-rage-d3-v4,rage,anger,anger,false,4,m,random
B-terror-d1-v1,terror,surprise,fear,true,4,m,random
B-terror-d1-v2,terror,confusion,confusion,false,4,m,random
B-terror-d1-v3,terror,fear,fear,false,4,m,random
B-terror-d1-v4,terror,fear,fear,false,4,m,random
B-terror-d2-v1,terror,sadness,sadness,false,4,m,random
B-terror-d2-v2,terror,anxiety,anxiety,false,4,m,random
B-terror-d2-v3,terror,anxiety,anxiety,false,4,m,random
B-terror-d2-v4,terror,fear,fear,false,4,m,random
B-terror-d3-v1,terror,fear,fear,false,4,m,random
B-terror-d3-v2,terror,fear,fear,false,4,m,random
B-terror-d3-v3,terror,fear,fear,false,4,m,random
B-terror-d3-v4,terror,curiosity,curiosity,false,4,m,random
B-vigilance-d1-v1,vigilance,surprise,curiosity,true,4,m,random
B-vigilance-d1-v2,vigilance,fear,fear,false,4,m,random
B-vigilance-d1-v3,vigilance,anxiety,fear,true,4,m,random
B-vigilance-d1-v4,vigilance,relief,relief,false,4,m,random
B-vigilance-d2-v1,vigilance,anxiety,anxiety,false,4,m,random
B-vigilance-d2-v2,vigilance,anticipation,anxiety,true,4,m,random
B-vigilance-d2-v3,vigilance,excitement,anxiety,true,4,m,random
B-vigilance-d2-v4,vigilance,indifference,indifference,false,4,m,random
B-vigilance-d3-v1,vigilance,calm,anxiety,true,4,m,random
B-vigilance-d3-v2,vigilance,anxiety,anxiety,false,4,m,random
B-vigilance-d3-v3,vigilance,fear,fear,false,4,m,random
B-vigilance-d3-v4,vigilance,curiosity,curiosity,false,4,m,random
B-admiration-d1-v1,admiration,pride,curiosity,true,5,m,random
B-admiration-d1-v2,admiration,empathy,empathy,false,5,m,random
B-admiration-d1-v3,admiration,nostalgia,nostalgia,false,5,m,random
B-admiration-d1-v4,admiration,calm,precision,true,5,m,random
B-admiration-d2-v1,admiration,guilt,guilt,false,5,m,random
B-admiration-d2-v2,admiration,sadness,empathy,true,5,m,random
B-admiration-d2-v3,admiration,guilt,anger,true,5,m,random
B-admiration-d2-v4,admiration,regret,disappointment,true,5,m,random
B-admiration-d3-v1,admiration,pride,pride,false,5,m,random
B-admiration-d3-v2,admiration,disappointment,disappointment,false,5,m,random
B-admiration-d3-v3,admiration,disappointment,frustration,true,5,m,random
B-admiration-d3-v4,admiration,curiosity,empathy,true,5,m,random
B-amazement-d1-v1,amazement,awe,fear,true,5,m,random
B-amazement-d1-v2,amazement,surprise,awe,true,5,m,random
B-amazement-d1-v3,amazement,wonder,wonder,false,5,m,random
B-amazement-d1-v4,amazement,relief,fear,true,5,m,random
B-amazement-d2-v1,amazement,relief,relief,false,5,m,random
B-amazement-d2-v2,amazement,awe,awe,false,5,m,random
B-amazement-d2-v3,amazement,relief,fear,true,5,m,random
B-amazement-d2-v4,amazement,relief,relief,false,5,m,random
B-amazement-d3-v1,amazement,understanding,curiosity,true,5,m,random
B-amazement-d3-v2,amazement,curiosity,curiosity,false,5,m,random
B-amazement-d3-v3,amazement,confusion,confusion,false,5,m,random
B-amazement-d3-v4,amazement,polit,curiosity,true,5,m,random
B-ecstasy-d1-v1,ecstasy,grief,grief,false,5,m,random
B-ecstasy-d1-v2,ecstasy,sadness,sadness,false,5,m,random
B-ecstasy-d1-v3,ecstasy,frustration,frustration,false,5,m,random
B-ecstasy-d1-v4,ecstasy,pride,regret,true,5,m,random
B-ecstasy-d2-v1,ecstasy,nostalgia,nostalgia,false,5,m,random
B-ecstasy-d2-v2,ecstasy,anxiety,anxiety,false,5,m,random
B-ecstasy-d2-v3,ecstasy,nostalgia,nostalgia,false,5,m,random
B-ecstasy-d2-v4,ecstasy,curiosity,empathy,true,5,m,random
B-ecstasy-d3-v1,ecstasy,surprise,surprise,false,5,m,random
B-ecstasy-d3-v2,ecstasy,wonder,fear,true,5,m,random
B-ecstasy-d3-v3,ecstasy,confusion,confusion,false,5,m,random
B-ecstasy-d3-v4,ecstasy,curiosity,curiosity,false,5,m,random
B-grief-d1-v1,grief,nostalgia,nostalgia,false,5,m,random
B-grief-d1-v2,grief,indifference,indifference,false,5,m,random
B-grief-d1-v3,grief,sadness,sadness,false,5,m,random
B-grief-d1-v4,grief,grief,relief,true,5,m,random
B-grief-d2-v1,grief,sadness,sadness,false,5,m,random
B-grief-d2-v2,grief,nostalgia,nostalgia,false,5,m,random
B-grief-d2-v3,grief,nostalgia,nostalgia,false,5,m,random
B-grief-d2-v4,grief,nostalgia,nostalgia,false,5,m,random
B-grief-d3-v1,grief,sadness,nostalgia,true,5,m,random
B-grief-d3-v2,grief,sadness,sadness,false,5,m,random
B-grief-d3-v3,grief,nostalgia,nostalgia,false,5,m,random
B-grief-d3-v4,grief,sadness,nostalgia,true,5,m,random
B-loathing-d1-v1,loathing,satisfaction,anger,true,5,m,random
B-loathing-d1-v2,loathing,relief,concern,true,5,m,random
B-loathing-d1-v3,loathing,surprise,anger,true,5,m,random
B-loathing-d1-v4,loathing,pride,pride,false,5,m,random
B-loathing-d2-v1,loathing,fear,fear,false,5,m,random
B-loathing-d2-v2,loathing,confusion,disgust,true,5,m,random
B-loathing-d2-v3,loathing,concern,fear,true,5,m,random
B-loathing-d2-v4,loathing,guilt,fear,true,5,m,random
B-loathing-d3-v1,loathing,anger,anger,false,5,m,random
B-loathing-d3-v2,loathing,anger,anger,false,5,m,random
B-loathing-d3-v3,loathing,anger,anger,false,5,m,random
B-loathing-d3-v4,loathing,anger,anger,false,5,m,random
B-rage-d1-v1,rage,anger,anger,false,5,m,random
B-rage-d1-v2,rage,satisfaction,satisfaction,false,5,m,random
B-rage-d1-v3,rage,anger,worry,true,5,m,random
B-rage-d1-v4,rage,guilt,anger,true,5,m,random
B-rage-d2-v1,rage,relief,anger,true,5,m,random
B-rage-d2-v2,rage,anger,anger,false,5,m,random
B-rage-d2-v3,rage,frustration,frustration,false,5,m,random
B-rage-d2-v4,rage,concern,concern,false,5,m,random
B-rage-d3-v1,rage,guilt,guilt,false,5,m,random
B-rage-d3-v2,rage,fear,fear,false,5,m,random
B-rage-d3-v3,rage,indifference,satisfaction,true,5,m,random
B-rage-d3-v4,rage,anger,anger,false,5,m,random
B-terror-d1-v1,terror,surprise,fear,true,5,m,random
B-terror-d1-v2,terror,confusion,confusion,false,5,m,random
B-terror-d1-v3,terror,fear,fear,false,5,m,random
B-terror-d1-v4,terror,fear,fear,false,5,m,random
B-terror-d2-v1,terror,sadness,concern,true,5,m,random
B-terror-d2-v2,terror,anxiety,fear,true,5,m,random
B-terror-d2-v3,terror,anxiety,fear,true,5,m,random
B-terror-d2-v4,terror,fear,fear,false,5,m,random
B-terror-d3-v1,terror,fear,fear,false,5,m,random
B-terror-d3-v2,terror,fear,fear,false,5,m,random
B-terror-d3-v3,terror,fear,fear,false,5,m,random
B-terror-d3-v4,terror,curiosity,curiosity,false,5,m,random
B-vigilance-d1-v1,vigilance,surprise,calm,true,5,m,random
B-vigilance-d1-v2,vigilance,fear,fear,false,5,m,random
B-vigilance-d1-v3,vigilance,anxiety,anxiety,false,5,m,random
B-vigilance-d1-v4,vigilance,relief,relief,false,5,m,random
B-vigilance-d2-v1,vigilance,anxiety,anxiety,false,5,m,random
B-vigilance-d2-v2,vigilance,anticipation,calm,true,5,m,random
B-vigilance-d2-v3,vigilance,excitement,anxiety,true,5,m,random
B-vigilance-d2-v4,vigilance,indifference,calm,true,5,m,random
B-vigilance-d3-v1,vigilance,calm,anxiety,true,5,m,random
B-vigilance-d3-v2,vigilance,anxiety,caution,true,5,m,random
B-vigilance-d3-v3,vigilance,fear,fear,false,5,m,random
B-vigilance-d3-v4,vigilance,curiosity,suspicion,true,5,m,random
B-admiration-d1-v1,admiration,pride,curiosity,true,6,m,random
B-admiration-d1-v2,admiration,empathy,empathy,false,6,m,random
B-admiration-d1-v3,admiration,nostalgia,love,true,6,m,random
B-admiration-d1-v4,admiration,calm,empathy,true,6,m,random
B-admiration-d2-v1,admiration,guilt,guilt,false,6,m,random
B-admiration-d2-v2,admiration,sadness,sadness,false,6,m,random
B-admiration-d2-v3,admiration,guilt,guilt,false,6,m,random
B-admiration-d2-v4,admiration,regret,empathy,true,6,m,random
B-admiration-d3-v1,admiration,pride,pride,false,6,m,random
B-admiration-d3-v2,admiration,disappointment,sadness,true,6,m,random
B-admiration-d3-v3,admiration,disappointment,empathy,true,6,m,random
B-admiration-d3-v4,admiration,curiosity,sadness,true,6,m,random
B-amazement-d1-v1,amazement,awe,confusion,true,6,m,random
B-amazement-d1-v2,amazement,surprise,sadness,true,6,m,random
B-amazement-d1-v3,amazement,wonder,wonder,false,6,m,random
B-amazement-d1-v4,amazement,relief,relief,false,6,m,random
B-amazement-d2-v1,amazement,relief,relief,false,6,m,random
B-amazement-d2-v2,amazement,awe,appreciation,true,6,m,random
B-amazement-d2-v3,amazement,relief,sadness,true,6,m,random
B-amazement-d2-v4,amazement,relief,relief,false,6,m,random
B-amazement-d3-v1,amazement,understanding,nostalgia,true,6,m,random
B-amazement-d3-v2,amazement,curiosity,curiosity,false,6,m,random
B-amazement-d3-v3,amazement,confusion,confusion,false,6,m,random
B-amazement-d3-v4,amazement,polit,polite,true,6,m,random
B-ecstasy-d1-v1,ecstasy,grief,grief,false,6,m,random
B-ecstasy-d1-v2,ecstasy,sadness,sadness,false,6,m,random
B-ecstasy-d1-v3,ecstasy,frustration,relief,true,6,m,random
B-ecstasy-d1-v4,ecstasy,pride,regret,true,6,m,random
B-ecstasy-d2-v1,ecstasy,nostalgia,nostalgia,false,6,m,random
B-ecstasy-d2-v2,ecstasy,anxiety,relief,true,6,m,random
B-ecstasy-d2-v3,ecstasy,nostalgia,nostalgia,false,6,m,random
B-ecstasy-d2-v4,ecstasy,curiosity,empathy,true,6,m,random
B-ecstasy-d3-v1,ecstasy,surprise,amusement,true,6,m,random
B-ecstasy-d3-v2,ecstasy,wonder,wonder,false,6,m,random
B-ecstasy-d3-v3,ecstasy,confusion,confusion,false,6,m,random
B-ecstasy-d3-v4,ecstasy,curiosity,curiosity,false,6,m,random
B-grief-d1-v1,grief,nostalgia,nostalgia,false,6,m,random
B-grief-d1-v2,grief,indifference,indifference,false,6,m,random
B-grief-d1-v3,grief,sadness,sadness,false,6,m,random
B-grief-d1-v4,grief,grief,sadness,true,6,m,random
B-grief-d2-v1,grief,sadness,sadness,false,6,m,random
B-grief-d2-v2,grief,nostalgia,nostalgia,false,6,m,random
B-grief-d2-v3,grief,nostalgia,sadness,true,6,m,random
B-grief-d2-v4,grief,nostalgia,sadness,true,6,m,random
B-grief-d3-v1,grief,sadness,sadness,false,6,m,random
B-grief-d3-v2,grief,sadness,sadness,false,6,m,random
B-grief-d3-v3,grief,nostalgia,nostalgia,false,6,m,random
B-grief-d3-v4,grief,sadness,sadness,false,6,m,random
B-loathing-d1-v1,loathing,satisfaction,anger,true,6,m,random
B-loathing-d1-v2,loathing,relief,concern,true,6,m,random
B-loathing-d1-v3,loathing,surprise,satisfaction,true,6,m,random
B-loathing-d1-v4,loathing,pride,empathy,true,6,m,random
B-loathing-d2-v1,loathing,fear,fear,false,6,m,random
B-loathing-d2-v2,loathing,confusion,guilt,true,6,m,random
B-loathing-d2-v3,loathing,concern,guilt,true,6,m,random
B-loathing-d2-v4,loathing,guilt,fear,true,6,m,random
B-loathing-d3-v1,loathing,anger,guilt,true,6,m,random
B-loathing-d3-v2,loathing,anger,satisfaction,true,6,m,random
B-loathing-d3-v3,loathing,anger,guilt,true,6,m,random
B-loathing-d3-v4,loathing,anger,anger,false,6,m,random
B-rage-d1-v1,rage,anger,sadness,true,6,m,random
B-rage-d1-v2,rage,satisfaction,satisfaction,false,6,m,random
B-rage-d1-v3,rage,anger,guilt,true,6,m,random
B-rage-d1-v4,rage,guilt,guilt,false,6,m,random
B-rage-d2-v1,rage,relief,guilt,true,6,m,random
B-rage-d2-v2,rage,anger,empathy,true,6,m,random
B-rage-d2-v3,rage,frustration,frustration,false,6,m,random
B-rage-d2-v4,rage,concern,surprise,true,6,m,random
B-rage-d3-v1,rage,guilt,guilt,false,6,m,random
B-rage-d3-v2,rage,fear,fear,false,6,m,random
B-rage-d3-v3,rage,indifference,pride,true,6,m,random
B-rage-d3-v4,rage,anger,anger,false,6,m,random
B-terror-d1-v1,terror,surprise,fear,true,6,m,random
B-terror-d1-v2,terror,confusion,confusion,false,6,m,random
B-terror-d1-v3,terror,fear,fear,false,6,m,random
B-terror-d1-v4,terror,fear,fear,false,6,m,random
B-terror-d2-v1,terror,sadness,sadness,false,6,m,random
B-terror-d2-v2,terror,anxiety,confusion,true,6,m,random
B-terror-d2-v3,terror,anxiety,anxiety,false,6,m,random
B-terror-d2-v4,terror,fear,fear,false,6,m,random
B-terror-d3-v1,terror,fear,fear,false,6,m,random
B-terror-d3-v2,terror,fear,fear,false,6,m,random
B-terror-d3-v3,terror,fear,fear,false,6,m,random
B-terror-d3-v4,terror,curiosity,confusion,true,6,m,random
B-vigilance-d1-v1,vigilance,surprise,indifference,true,6,m,random
B-vigilance-d1-v2,vigilance,fear,fear,false,6,m,random
B-vigilance-d1-v3,vigilance,anxiety,anxiety,false,6,m,random
B-vigilance-d1-v4,vigilance,relief,relief,false,6,m,random
B-vigilance-d2-v1,vigilance,anxiety,concern,true,6,m,random
B-vigilance-d2-v2,vigilance,anticipation,anxiety,true,6,m,random
B-vigilance-d2-v3,vigilance,excitement,anxiety,true,6,m,random
B-vigilance-d2-v4,vigilance,indifference,indifference,false,6,m,random
B-vigilance-d3-v1,vigilance,calm,confusion,true,6,m,random
B-vigilance-d3-v2,vigilance,anxiety,anxiety,false,6,m,random
B-vigilance-d3-v3,vigilance,fear,fear,false,6,m,random
B-vigilance-d3-v4,vigilance,curiosity,curiosity,false,6,m,random
B-admiration-d1-v1,admiration,pride,precision,true,7,m,random
B-admiration-d1-v2,admiration,empathy,empathy,false,7,m,random
B-admiration-d1-v3,admiration,nostalgia,nostalgia,false,7,m,random
B-admiration-d1-v4,admiration,calm,respect,true,7,m,random
B-admiration-d2-v1,admiration,guilt,guilt,false,7,m,random
B-admiration-d2-v2,admiration,sadness,love,true,7,m,random
B-admiration-d2-v3,admiration,guilt,anger,true,7,m,random
B-admiration-d2-v4,admiration,regret,none,true,7,m,random
B-admiration-d3-v1,admiration,pride,determination,true,7,m,random
B-admiration-d3-v2,admiration,disappointment,disappointment,false,7,m,random
B-admiration-d3-v3,admiration,disappointment,determination,true,7,m,random
B-admiration-d3-v4,admiration,curiosity,curiosity,false,7,m,random
B-amazement-d1-v1,amazement,awe,surprise,true,7,m,random
B-amazement-d1-v2,amazement,surprise,curiosity,true,7,m,random
B-amazement-d1-v3,amazement,wonder,awe,true,7,m,random
B-amazement-d1-v4,amazement,relief,calm,true,7,m,random
B-amazement-d2-v1,amazement,relief,relief,false,7,m,random
B-amazement-d2-v2,amazement,awe,appreciation,true,7,m,random
B-amazement-d2-v3,amazement,relief,relief,false,7,m,random
B-amazement-d2-v4,amazement,relief,curiosity,true,7,m,random
B-amazement-d3-v1,amazement,understanding,understanding,false,7,m,random
B-amazement-d3-v2,amazement,curiosity,curiosity,false,7,m,random
B-amazement-d3-v3,amazement,confusion,confusion,false,7,m,random
B-amazement-d3-v4,amazement,polit,polit,false,7,m,random
B-ecstasy-d1-v1,ecstasy,grief,grief,false,7,m,random
B-ecstasy-d1-v2,ecstasy,sadness,curiosity,true,7,m,random
B-ecstasy-d1-v3,ecstasy,frustration,relief,true,7,m,random
B-ecstasy-d1-v4,ecstasy,pride,anger,true,7,m,random
B-ecstasy-d2-v1,ecstasy,nostalgia,nostalgia,false,7,m,random
B-ecstasy-d2-v2,ecstasy,anxiety,surprise,true,7,m,random
B-ecstasy-d2-v3,ecstasy,nostalgia,nostalgia,false,7,m,random
B-ecstasy-d2-v4,ecstasy,curiosity,curiosity,false,7,m,random
B-ecstasy-d3-v1,ecstasy,surprise,surprise,false,7,m,random
B-ecstasy-d3-v2,ecstasy,wonder,wonder,false,7,m,random
B-ecstasy-d3-v3,ecstasy,confusion,confusion,false,7,m,random
B-ecstasy-d3-v4,ecstasy,curiosity,curiosity,false,7,m,random
B-grief-d1-v1,grief,nostalgia,nostalgia,false,7,m,random
B-grief-d1-v2,grief,indifference,indifference,false,7,m,random
B-grief-d1-v3,grief,sadness,grief,true,7,m,random
B-grief-d1-v4,grief,grief,none,true,7,m,random
B-grief-d2-v1,grief,sadness,curiosity,true,7,m,random
B-grief-d2-v2,grief,nostalgia,none,true,7,m,random
B-grief-d2-v3,grief,nostalgia,none,true,7,m,random
B-grief-d2-v4,grief,nostalgia,nostalgia,false,7,m,random
B-grief-d3-v1,grief,sadness,surprise,true,7,m,random
B-grief-d3-v2,grief,sadness,sadness,false,7,m,random
B-grief-d3-v3,grief,nostalgia,none,true,7,m,random
B-grief-d3-v4,grief,sadness,empathy,true,7,m,random
B-loathing-d1-v1,loathing,satisfaction,guilt,true,7,m,random
B-loathing-d1-v2,loathing,relief,anxiety,true,7,m,random
B-loathing-d1-v3,loathing,surprise,none,true,7,m,random
B-loathing-d1-v4,loathing,pride,pride,false,7,m,random
B-loathing-d2-v1,loathing,fear,fear,false,7,m,random
B-loathing-d2-v2,loathing,confusion,none,true,7,m,random
B-loathing-d2-v3,loathing,concern,concern,false,7,m,random
B-loathing-d2-v4,loathing,guilt,guilt,false,7,m,random
B-loathing-d3-v1,loathing,anger,none,true,7,m,random
B-loathing-d3-v2,loathing,anger,anger,false,7,m,random
B-loathing-d3-v3,loathing,anger,none,true,7,m,random
B-loathing-d3-v4,loathing,anger,anger,false,7,m,random
B-rage-d1-v1,rage,anger,anger,false,7,m,random
B-rage-d1-v2,rage,satisfaction,none,true,7,m,random
B-rage-d1-v3,rage,anger,surprise,true,7,m,random
B-rage-d1-v4,rage,guilt,guilt,false,7,m,random
B-rage-d2-v1,rage,relief,none,true,7,m,random
B-rage-d2-v2,rage,anger,none,true,7,m,random
B-rage-d2-v3,rage,frustration,frustration,false,7,m,random
B-rage-d2-v4,rage,concern,surprise,true,7,m,random
B-rage-d3-v1,rage,guilt,guilt,false,7,m,random
B-rage-d3-v2,rage,fear,fear,false,7,m,random
B-rage-d3-v3,rage,indifference,none,true,7,m,random
B-rage-d3-v4,rage,anger,indifference,true,7,m,random
B-terror-d1-v1,terror,surprise,fear,true,7,m,random
B-terror-d1-v2,terror,confusion,none,true,7,m,random
B-terror-d1-v3,terror,fear,fear,false,7,m,random
B-terror-d1-v4,terror,fear,none,true,7,m,random
B-terror-d2-v1,terror,sadness,anger,true,7,m,random
B-terror-d2-v2,terror,anxiety,surprise,true,7,m,random
B-terror-d2-v3,terror,anxiety,none,true,7,m,random
B-terror-d2-v4,terror,fear,fear,false,7,m,random
B-terror-d3-v1,terror,fear,surprise,true,7,m,random
B-terror-d3-v2,terror,fear,none,true,7,m,random
B-terror-d3-v3,terror,fear,fear,false,7,m,random
B-terror-d3-v4,terror,curiosity,surprise,true,7,m,random
B-vigilance-d1-v1,vigilance,surprise,curiosity,true,7,m,random
B-vigilance-d1-v2,vigilance,fear,surprise,true,7,m,random
B-vigilance-d1-v3,vigilance,anxiety,anxiety,false,7,m,random
B-vigilance-d1-v4,vigilance,relief,confusion,true,7,m,random
B-vigilance-d2-v1,vigilance,anxiety,fear,true,7,m,random
B-vigilance-d2-v2,vigilance,anticipation,calm,true,7,m,random
B-vigilance-d2-v3,vigilance,excitement,curiosity,true,7,m,random
B-vigilance-d2-v4,vigilance,indifference,calm,true,7,m,random
B-vigilance-d3-v1,vigilance,calm,calm,false,7,m,random
B-vigilance-d3-v2,vigilance,anxiety,none,true,7,m,random
B-vigilance-d3-v3,vigilance,fear,surprise,true,7,m,random
B-vigilance-d3-v4,vigilance,curiosity,curiosity,false,7,m,random
B-admiration-d1-v1,admiration,pride,surprise,true,8,m,random
B-admiration-d1-v2,admiration,empathy,joy,true,8,m,random
B-admiration-d1-v3,admiration,nostalgia,inference,true,8,m,random
B-admiration-d1-v4,admiration,calm,none,true,8,m,random
B-admiration-d2-v1,admiration,guilt,anger,true,8,m,random
B-admiration-d2-v2,admiration,sadness,The,true,8,m,random
B-admiration-d2-v3,admiration,guilt,none,true,8,m,random
B-admiration-d2-v4,admiration,regret,none,true,8,m,random
B-admiration-d3-v1,admiration,pride,none,true,8,m,random
B-admiration-d3-v2,admiration,disappointment,happiness,true,8,m,random
B-admiration-d3-v3,admiration,disappointment,joy,true,8,m,random
B-admiration-d3-v4,admiration,curiosity,curiosity,false,8,m,random
B-amazement-d1-v1,amazement,awe,confusion,true,8,m,random
B-amazement-d1-v2,amazement,surprise,surprise,false,8,m,random
B-amazement-d1-v3,amazement,wonder,sadness,true,8,m,random
B-amazement-d1-v4,amazement,relief,awe,true,8,m,random
B-amazement-d2-v1,amazement,relief,none,true,8,m,random
B-amazement-d2-v2,amazement,awe,none,true,8,m,random
B-amazement-d2-v3,amazement,relief,the,true,8,m,random
B-amazement-d2-v4,amazement,relief,sadness,true,8,m,random
B-amazement-d3-v1,amazement,understanding,understanding,false,8,m,random
B-amazement-d3-v2,amazement,curiosity,surprise,true,8,m,random
B-amazement-d3-v3,amazement,confusion,surprise,true,8,m,random
B-amazement-d3-v4,amazement,polit,The,true,8,m,random
B-ecstasy-d1-v1,ecstasy,grief,grief,false,8,m,random
B-ecstasy-d1-v2,ecstasy,sadness,sadness,false,8,m,random
B-ecstasy-d1-v3,ecstasy,frustration,none,true,8,m,random
B-ecstasy-d1-v4,ecstasy,pride,sadness,true,8,m,random
B-ecstasy-d2-v1,ecstasy,nostalgia,confusion,true,8,m,random
B-ecstasy-d2-v2,ecstasy,anxiety,sadness,true,8,m,random
B-ecstasy-d2-v3,ecstasy,nostalgia,sadness,true,8,m,random
B-ecstasy-d2-v4,ecstasy,curiosity,I,true,8,m,random
B-ecstasy-d3-v1,ecstasy,surprise,joy,true,8,m,random
B-ecstasy-d3-v2,ecstasy,wonder,awe,true,8,m,random
B-ecstasy-d3-v3,ecstasy,confusion,confusion,false,8,m,random
B-ecstasy-d3-v4,ecstasy,curiosity,sadness,true,8,m,random
B-grief-d1-v1,grief,nostalgia,sadness,true,8,m,random
B-grief-d1-v2,grief,indifference,indifference,false,8,m,random
B-grief-d1-v3,grief,sadness,sadness,false,8,m,random
B-grief-d1-v4,grief,grief,none,true,8,m,random
B-grief-d2-v1,grief,sadness,sadness,false,8,m,random
B-grief-d2-v2,grief,nostalgia,none,true,8,m,random
B-grief-d2-v3,grief,nostalgia,sadness,true,8,m,random
B-grief-d2-v4,grief,nostalgia,sadness,true,8,m,random
B-grief-d3-v1,grief,sadness,sadness,false,8,m,random
B-grief-d3-v2,grief,sadness,sadness,false,8,m,random
B-grief-d3-v3,grief,nostalgia,the,true,8,m,random
B-grief-d3-v4,grief,sadness,sadness,false,8,m,random
B-loathing-d1-v1,loathing,satisfaction,none,true,8,m,random
B-loathing-d1-v2,loathing,relief,none,true,8,m,random
B-loathing-d1-v3,loathing,surprise,none,true,8,m,random
B-loathing-d1-v4,loathing,pride,none,true,8,m,random
B-loathing-d2-v1,loathing,fear,sadness,true,8,m,random
B-loathing-d2-v2,loathing,confusion,confusion,false,8,m,random
B-loathing-d2-v3,loathing,concern,The,true,8,m,random
B-loathing-d2-v4,loathing,guilt,surprise,true,8,m,random
B-loathing-d3-v1,loathing,anger,anger,false,8,m,random
B-loathing-d3-v2,loathing,anger,none,true,8,m,random
B-loathing-d3-v3,loathing,anger,none,true,8,m,random
B-loathing-d3-v4,loathing,anger,none,true,8,m,random
B-rage-d1-v1,rage,anger,sadness,true,8,m,random
B-rage-d1-v2,rage,satisfaction,joy,true,8,m,random
B-rage-d1-v3,rage,anger,anger,false,8,m,random
B-rage-d1-v4,rage,guilt,sadness,true,8,m,random
B-rage-d2-v1,rage,relief,The,true,8,m,random
B-rage-d2-v2,rage,anger,anger,false,8,m,random
B-rage-d2-v3,rage,frustration,anger,true,8,m,random
B-rage-d2-v4,rage,concern,anxiety,true,8,m,random
B-rage-d3-v1,rage,guilt,none,true,8,m,random
B-rage-d3-v2,rage,fear,anger,true,8,m,random
B-rage-d3-v3,rage,indifference,none,true,8,m,random
B-rage-d3-v4,rage,anger,none,true,8,m,random
B-terror-d1-v1,terror,surprise,surprise,false,8,m,random
B-terror-d1-v2,terror,confusion,none,true,8,m,random
B-terror-d1-v3,terror,fear,sadness,true,8,m,random
B-terror-d1-v4,terror,fear,none,true,8,m,random
B-terror-d2-v1,terror,sadness,none,true,8,m,random
B-terror-d2-v2,terror,anxiety,confusion,true,8,m,random
B-terror-d2-v3,terror,anxiety,confusion,true,8,m,random
B-terror-d2-v4,terror,fear,confusion,true,8,m,random
B-terror-d3-v1,terror,fear,surprise,true,8,m,random
B-terror-d3-v2,terror,fear,anxiety,true,8,m,random
B-terror-d3-v3,terror,fear,surprise,true,8,m,random
B-terror-d3-v4,terror,curiosity,none,true,8,m,random
B-vigilance-d1-v1,vigilance,surprise,none,true,8,m,random
B-vigilance-d1-v2,vigilance,fear,surprise,true,8,m,random
B-vigilance-d1-v3,vigilance,anxiety,none,true,8,m,random
B-vigilance-d1-v4,vigilance,relief,confusion,true,8,m,random
B-vigilance-d2-v1,vigilance,anxiety,none,true,8,m,random
B-vigilance-d2-v2,vigilance,anticipation,joy,true,8,m,random
B-vigilance-d2-v3,vigilance,excitement,anxiety,true,8,m,random
B-vigilance-d2-v4,vigilance,indifference,indifference,false,8,m,random
B-vigilance-d3-v1,vigilance,calm,none,true,8,m,random
B-vigilance-d3-v2,vigilance,anxiety,confusion,true,8,m,random
B-vigilance-d3-v3,vigilance,fear,joy,true,8,m,random
B-vigilance-d3-v4,vigilance,curiosity,surprise,true,8,m,random
B-admiration-d1-v1,admiration,pride,curiosity,true,9,m,random
B-admiration-d1-v2,admiration,empathy,understanding,true,9,m,random
B-admiration-d1-v3,admiration,nostalgia,appreciation,true,9,m,random
B-admiration-d1-v4,admiration,calm,no,true,9,m,random
B-admiration-d2-v1,admiration,guilt,anger,true,9,m,random
B-admiration-d2-v2,admiration,sadness,nostalgia,true,9,m,random
B-admiration-d2-v3,admiration,guilt,none,true,9,m,random
B-admiration-d2-v4,admiration,regret,frustration,true,9,m,random
B-admiration-d3-v1,admiration,pride,relief,true,9,m,random
B-admiration-d3-v2,admiration,disappointment,happiness,true,9,m,random
B-admiration-d3-v3,admiration,disappointment,frustration,true,9,m,random
B-admiration-d3-v4,admiration,curiosity,grief,true,9,m,random
B-amazement-d1-v1,amazement,awe,awe,false,9,m,random
B-amazement-d1-v2,amazement,surprise,awe,true,9,m,random
B-amazement-d1-v3,amazement,wonder,awe,true,9,m,random
B-amazement-d1-v4,amazement,relief,the,true,9,m,random
B-amazement-d2-v1,amazement,relief,surprise,true,9,m,random
B-amazement-d2-v2,amazement,awe,appreciation,true,9,m,random
B-amazement-d2-v3,amazement,relief,fear,true,9,m,random
B-amazement-d2-v4,amazement,relief,relief,false,9,m,random
B-amazement-d3-v1,amazement,understanding,understanding,false,9,m,random
B-amazement-d3-v2,amazement,curiosity,curiosity,false,9,m,random
B-amazement-d3-v3,amazement,confusion,confusion,false,9,m,random
B-amazement-d3-v4,amazement,polit,surprise,true,9,m,random
B-ecstasy-d1-v1,ecstasy,grief,grief,false,9,m,random
B-ecstasy-d1-v2,ecstasy,sadness,empathy,true,9,m,random
B-ecstasy-d1-v3,ecstasy,frustration,frustration,false,9,m,random
B-ecstasy-d1-v4,ecstasy,pride,anger,true,9,m,random
B-ecstasy-d2-v1,ecstasy,nostalgia,nostalgia,false,9,m,random
B-ecstasy-d2-v2,ecstasy,anxiety,none,true,9,m,random
B-ecstasy-d2-v3,ecstasy,nostalgia,sadness,true,9,m,random
B-ecstasy-d2-v4,ecstasy,curiosity,curiosity,false,9,m,random
B-ecstasy-d3-v1,ecstasy,surprise,surprise,false,9,m,random
B-ecstasy-d3-v2,ecstasy,wonder,wonder,false,9,m,random
B-ecstasy-d3-v3,ecstasy,confusion,confusion,false,9,m,random
B-ecstasy-d3-v4,ecstasy,curiosity,curiosity,false,9,m,random
B-grief-d1-v1,grief,nostalgia,none,true,9,m,random
B-grief-d1-v2,grief,indifference,ap,true,9,m,random
B-grief-d1-v3,grief,sadness,confusion,true,9,m,random
B-grief-d1-v4,grief,grief,a,true,9,m,random
B-grief-d2-v1,grief,sadness,sadness,false,9,m,random
B-grief-d2-v2,grief,nostalgia,a,true,9,m,random
B-grief-d2-v3,grief,nostalgia,happiness,true,9,m,random
B-grief-d2-v4,grief,nostalgia,nostalgia,false,9,m,random
B-grief-d3-v1,grief,sadness,curiosity,true,9,m,random
B-grief-d3-v2,grief,sadness,sadness,false,9,m,random
B-grief-d3-v3,grief,nostalgia,nostalgia,false,9,m,random
B-grief-d3-v4,grief,sadness,"",true,9,m,random
B-loathing-d1-v1,loathing,satisfaction,no,true,9,m,random
B-loathing-d1-v2,loathing,relief,curiosity,true,9,m,random
B-loathing-d1-v3,loathing,surprise,surprise,false,9,m,random
B-loathing-d1-v4,loathing,pride,gratitude,true,9,m,random
B-loathing-d2-v1,loathing,fear,"",true,9,m,random
B-loathing-d2-v2,loathing,confusion,curiosity,true,9,m,random
B-loathing-d2-v3,loathing,concern,concern,false,9,m,random
B-loathing-d2-v4,loathing,guilt,confusion,true,9,m,random
B-loathing-d3-v1,loathing,anger,love,true,9,m,random
B-loathing-d3-v2,loathing,anger,gratitude,true,9,m,random
B-loathing-d3-v3,loathing,anger,anger,false,9,m,random
B-loathing-d3-v4,loathing,anger,anger,false,9,m,random
B-rage-d1-v1,rage,anger,anger,false,9,m,random
B-rage-d1-v2,rage,satisfaction,no,true,9,m,random
B-rage-d1-v3,rage,anger,financial,true,9,m,random
B-rage-d1-v4,rage,guilt,none,true,9,m,random
B-rage-d2-v1,rage,relief,disappointment,true,9,m,random
B-rage-d2-v2,rage,anger,none,true,9,m,random
B-rage-d2-v3,rage,frustration,anger,true,9,m,random
B-rage-d2-v4,rage,concern,confusion,true,9,m,random
B-rage-d3-v1,rage,guilt,curiosity,true,9,m,random
B-rage-d3-v2,rage,fear,fear,false,9,m,random
B-rage-d3-v3,rage,indifference,none,true,9,m,random
B-rage-d3-v4,rage,anger,anger,false,9,m,random
B-terror-d1-v1,terror,surprise,surprise,false,9,m,random
B-terror-d1-v2,terror,confusion,surprise,true,9,m,random
B-terror-d1-v3,terror,fear,fear,false,9,m,random
B-terror-d1-v4,terror,fear,the,true,9,m,random
B-terror-d2-v1,terror,sadness,surprise,true,9,m,random
B-terror-d2-v2,terror,anxiety,anxiety,false,9,m,random
B-terror-d2-v3,terror,anxiety,anxiety,false,9,m,random
B-terror-d2-v4,terror,fear,fear,false,9,m,random
B-terror-d3-v1,terror,fear,"",true,9,m,random
B-terror-d3-v2,terror,fear,anger,true,9,m,random
B-terror-d3-v3,terror,fear,calm,true,9,m,random
B-terror-d3-v4,terror,curiosity,curiosity,false,9,m,random
B-vigilance-d1-v1,vigilance,surprise,curiosity,true,9,m,random
B-vigilance-d1-v2,vigilance,fear,surprise,true,9,m,random
B-vigilance-d1-v3,vigilance,anxiety,fear,true,9,m,random
B-vigilance-d1-v4,vigilance,relief,relief,false,9,m,random
B-vigilance-d2-v1,vigilance,anxiety,anxiety,false,9,m,random
B-vigilance-d2-v2,vigilance,anticipation,time,true,9,m,random
B-vigilance-d2-v3,vigilance,excitement,excitement,false,9,m,random
B-vigilance-d2-v4,vigilance,indifference,anxiety,true,9,m,random
B-vigilance-d3-v1,vigilance,calm,surprise,true,9,m,random
B-vigilance-d3-v2,vigilance,anxiety,anticipation,true,9,m,random
B-vigilance-d3-v3,vigilance,fear,implied,true,9,m,random
B-vigilance-d3-v4,vigilance,curiosity,surprise,true,9,m,random
B-admiration-d1-v1,admiration,pride,surprise,true,10,m,random
B-admiration-d1-v2,admiration,empathy,empathy,false,10,m,random
B-admiration-d1-v3,admiration,nostalgia,nostalgia,false,10,m,random
B-admiration-d1-v4,admiration,calm,calm,false,10,m,random
B-admiration-d2-v1,admiration,guilt,empathy,true,10,m,random
B-admiration-d2-v2,admiration,sadness,love,true,10,m,random
B-admiration-d2-v3,admiration,guilt,anger,true,10,m,random
B-admiration-d2-v4,admiration,regret,frustration,true,10,m,random
B-admiration-d3-v1,admiration,pride,grief,true,10,m,random
B-admiration-d3-v2,admiration,disappointment,grief,true,10,m,random
B-admiration-d3-v3,admiration,disappointment,surprise,true,10,m,random
B-admiration-d3-v4,admiration,curiosity,grief,true,10,m,random
B-amazement-d1-v1,amazement,awe,fear,true,10,m,random
B-amazement-d1-v2,amazement,surprise,fear,true,10,m,random
B-amazement-d1-v3,amazement,wonder,fear,true,10,m,random
B-amazement-d1-v4,amazement,relief,grief,true,10,m,random
B-amazement-d2-v1,amazement,relief,fear,true,10,m,random
B-amazement-d2-v2,amazement,awe,surprise,true,10,m,random
B-amazement-d2-v3,amazement,relief,anger,true,10,m,random
B-amazement-d2-v4,amazement,relief,frustration,true,10,m,random
B-amazement-d3-v1,amazement,understanding,frustration,true,10,m,random
B-amazement-d3-v2,amazement,curiosity,surprise,true,10,m,random
B-amazement-d3-v3,amazement,confusion,frustration,true,10,m,random
B-amazement-d3-v4,amazement,polit,curiosity,true,10,m,random
B-ecstasy-d1-v1,ecstasy,grief,grief,false,10,m,random
B-ecstasy-d1-v2,ecstasy,sadness,regret,true,10,m,random
B-ecstasy-d1-v3,ecstasy,frustration,surprise,true,10,m,random
B-ecstasy-d1-v4,ecstasy,pride,regret,true,10,m,random
B-ecstasy-d2-v1,ecstasy,nostalgia,recognition,true,10,m,random
B-ecstasy-d2-v2,ecstasy,anxiety,relief,true,10,m,random
B-ecstasy-d2-v3,ecstasy,nostalgia,nostalgia,false,10,m,random
B-ecstasy-d2-v4,ecstasy,curiosity,surprise,true,10,m,random
B-ecstasy-d3-v1,ecstasy,surprise,happiness,true,10,m,random
B-ecstasy-d3-v2,ecstasy,wonder,excitement,true,10,m,random
B-ecstasy-d3-v3,ecstasy,confusion,frustration,true,10,m,random
B-ecstasy-d3-v4,ecstasy,curiosity,surprise,true,10,m,random
B-grief-d1-v1,grief,nostalgia,grief,true,10,m,random
B-grief-d1-v2,grief,indifference,frustration,true,10,m,random
B-grief-d1-v3,grief,sadness,frustration,true,10,m,random
B-grief-d1-v4,grief,grief,grief,false,10,m,random
B-grief-d2-v1,grief,sadness,sadness,false,10,m,random
B-grief-d2-v2,grief,nostalgia,regret,true,10,m,random
B-grief-d2-v3,grief,nostalgia,nostalgia,false,10,m,random
B-grief-d2-v4,grief,nostalgia,nostalgia,false,10,m,random
B-grief-d3-v1,grief,sadness,surprise,true,10,m,random
B-grief-d3-v2,grief,sadness,guilt,true,10,m,random
B-grief-d3-v3,grief,nostalgia,regret,true,10,m,random
B-grief-d3-v4,grief,sadness,surprise,true,10,m,random
B-loathing-d1-v1,loathing,satisfaction,gratitude,true,10,m,random
B-loathing-d1-v2,loathing,relief,surprise,true,10,m,random
B-loathing-d1-v3,loathing,surprise,surprise,false,10,m,random
B-loathing-d1-v4,loathing,pride,frustration,true,10,m,random
B-loathing-d2-v1,loathing,fear,grief,true,10,m,random
B-loathing-d2-v2,loathing,confusion,confusion,false,10,m,random
B-loathing-d2-v3,loathing,concern,fear,true,10,m,random
B-loathing-d2-v4,loathing,guilt,disgust,true,10,m,random
B-loathing-d3-v1,loathing,anger,shame,true,10,m,random
B-loathing-d3-v2,loathing,anger,fear,true,10,m,random
B-loathing-d3-v3,loathing,anger,frustration,true,10,m,random
B-loathing-d3-v4,loathing,anger,anger,false,10,m,random
B-rage-d1-v1,rage,anger,anger,false,10,m,random
B-rage-d1-v2,rage,satisfaction,surprise,true,10,m,random
B-rage-d1-v3,rage,anger,financial,true,10,m,random
B-rage-d1-v4,rage,guilt,anger,true,10,m,random
B-rage-d2-v1,rage,relief,relief,false,10,m,random
B-rage-d2-v2,rage,anger,frustration,true,10,m,random
B-rage-d2-v3,rage,frustration,frustration,false,10,m,random
B-rage-d2-v4,rage,concern,regret,true,10,m,random
B-rage-d3-v1,rage,guilt,guilt,false,10,m,random
B-rage-d3-v2,rage,fear,anger,true,10,m,random
B-rage-d3-v3,rage,indifference,embarrassment,true,10,m,random
B-rage-d3-v4,rage,anger,frustration,true,10,m,random
B-terror-d1-v1,terror,surprise,surprise,false,10,m,random
B-terror-d1-v2,terror,confusion,frustration,true,10,m,random
B-terror-d1-v3,terror,fear,fear,false,10,m,random
B-terror-d1-v4,terror,fear,fear,false,10,m,random
B-terror-d2-v1,terror,sadness,frustration,true,10,m,random
B-terror-d2-v2,terror,anxiety,frustration,true,10,m,random
B-terror-d2-v3,terror,anxiety,fear,true,10,m,random
B-terror-d2-v4,terror,fear,fear,false,10,m,random
B-terror-d3-v1,terror,fear,fear,false,10,m,random
B-terror-d3-v2,terror,fear,fear,false,10,m,random
B-terror-d3-v3,terror,fear,frustration,true,10,m,random
B-terror-d3-v4,terror,curiosity,frustration,true,10,m,random
B-vigilance-d1-v1,vigilance,surprise,frustration,true,10,m,random
B-vigilance-d1-v2,vigilance,fear,frustration,true,10,m,random
B-vigilance-d1-v3,vigilance,anxiety,fear,true,10,m,random
B-vigilance-d1-v4,vigilance,relief,frustration,true,10,m,random
B-vigilance-d2-v1,vigilance,anxiety,worry,true,10,m,random
B-vigilance-d2-v2,vigilance,anticipation,calm,true,10,m,random
B-vigilance-d2-v3,vigilance,excitement,fear,true,10,m,random
B-vigilance-d2-v4,vigilance,indifference,anxiety,true,10,m,random
B-vigilance-d3-v1,vigilance,calm,fear,true,10,m,random
B-vigilance-d3-v2,vigilance,anxiety,frustration,true,10,m,random
B-vigilance-d3-v3,vigilance,fear,fear,false,10,m,random
B-vigilance-d3-v4,vigilance,curiosity,surprise,true,10,m,random
B-admiration-d1-v1,admiration,pride,"",true,11,m,random
B-admiration-d1-v2,admiration,empathy,"",true,11,m,random
B-admiration-d1-v3,admiration,nostalgia,nostalgia,false,11,m,random
B-admiration-d1-v4,admiration,calm,precision,true,11,m,random
B-admiration-d2-v1,admiration,guilt,guilt,false,11,m,random
B-admiration-d2-v2,admiration,sadness,nostalgia,true,11,m,random
B-admiration-d2-v3,admiration,guilt,regret,true,11,m,random
B-admiration-d2-v4,admiration,regret,regret,false,11,m,random
B-admiration-d3-v1,admiration,pride,pride,false,11,m,random
B-admiration-d3-v2,admiration,disappointment,happiness,true,11,m,random
B-admiration-d3-v3,admiration,disappointment,"",true,11,m,random
B-admiration-d3-v4,admiration,curiosity,nostalgia,true,11,m,random
B-amazement-d1-v1,amazement,awe,calm,true,11,m,random
B-amazement-d1-v2,amazement,surprise,grief,true,11,m,random
B-amazement-d1-v3,amazement,wonder,nostalgia,true,11,m,random
B-amazement-d1-v4,amazement,relief,(,true,11,m,random
B-amazement-d2-v1,amazement,relief,love,true,11,m,random
B-amazement-d2-v2,amazement,awe,nostalgia,true,11,m,random
B-amazement-d2-v3,amazement,relief,grief,true,11,m,random
B-amazement-d2-v4,amazement,relief,(,true,11,m,random
B-amazement-d3-v1,amazement,understanding,nostalgia,true,11,m,random
B-amazement-d3-v2,amazement,curiosity,joy,true,11,m,random
B-amazement-d3-v3,amazement,confusion,"",true,11,m,random
B-amazement-d3-v4,amazement,polit,no,true,11,m,random
B-ecstasy-d1-v1,ecstasy,grief,sadness,true,11,m,random
B-ecstasy-d1-v2,ecstasy,sadness,sadness,false,11,m,random
B-ecstasy-d1-v3,ecstasy,frustration,"",true,11,m,random
B-ecstasy-d1-v4,ecstasy,pride,pride,false,11,m,random
B-ecstasy-d2-v1,ecstasy,nostalgia,nostalgia,false,11,m,random
B-ecstasy-d2-v2,ecstasy,anxiety,sadness,true,11,m,random
B-ecstasy-d2-v3,ecstasy,nostalgia,nostalgia,false,11,m,random
B-ecstasy-d2-v4,ecstasy,curiosity,relief,true,11,m,random
B-ecstasy-d3-v1,ecstasy,surprise,joy,true,11,m,random
B-ecstasy-d3-v2,ecstasy,wonder,curiosity,true,11,m,random
B-ecstasy-d3-v3,ecstasy,confusion,frustration,true,11,m,random
B-ecstasy-d3-v4,ecstasy,curiosity,(,true,11,m,random
B-grief-d1-v1,grief,nostalgia,nostalgia,false,11,m,random
B-grief-d1-v2,grief,indifference,grief,true,11,m,random
B-grief-d1-v3,grief,sadness,sadness,false,11,m,random
B-grief-d1-v4,grief,grief,"",true,11,m,random
B-grief-d2-v1,grief,sadness,grief,true,11,m,random
B-grief-d2-v2,grief,nostalgia,"",true,11,m,random
B-grief-d2-v3,grief,nostalgia,nostalgia,false,11,m,random
B-grief-d2-v4,grief,nostalgia,nostalgia,false,11,m,random
B-grief-d3-v1,grief,sadness,nostalgia,true,11,m,random
B-grief-d3-v2,grief,sadness,guilt,true,11,m,random
B-grief-d3-v3,grief,nostalgia,grief,true,11,m,random
B-grief-d3-v4,grief,sadness,grief,true,11,m,random
B-loathing-d1-v1,loathing,satisfaction,joy,true,11,m,random
B-loathing-d1-v2,loathing,relief,pride,true,11,m,random
B-loathing-d1-v3,loathing,surprise,pride,true,11,m,random
B-loathing-d1-v4,loathing,pride,regret,true,11,m,random
B-loathing-d2-v1,loathing,fear,anxiety,true,11,m,random
B-loathing-d2-v2,loathing,confusion,confusion,false,11,m,random
B-loathing-d2-v3,loathing,concern,confusion,true,11,m,random
B-loathing-d2-v4,loathing,guilt,sadness,true,11,m,random
B-loathing-d3-v1,loathing,anger,nostalgia,true,11,m,random
B-loathing-d3-v2,loathing,anger,"",true,11,m,random
B-loathing-d3-v3,loathing,anger,joy,true,11,m,random
B-loathing-d3-v4,loathing,anger,"",true,11,m,random
B-rage-d1-v1,rage,anger,regret,true,11,m,random
B-rage-d1-v2,rage,satisfaction,pride,true,11,m,random
B-rage-d1-v3,rage,anger,anger,false,11,m,random
B-rage-d1-v4,rage,guilt,regret,true,11,m,random
B-rage-d2-v1,rage,relief,not,true,11,m,random
B-rage-d2-v2,rage,anger,anger,false,11,m,random
B-rage-d2-v3,rage,frustration,frustration,false,11,m,random
B-rage-d2-v4,rage,concern,concern,false,11,m,random
B-rage-d3-v1,rage,guilt,anger,true,11,m,random
B-rage-d3-v2,rage,fear,fear,false,11,m,random
B-rage-d3-v3,rage,indifference,pride,true,11,m,random
B-rage-d3-v4,rage,anger,anger,false,11,m,random
B-terror-d1-v1,terror,surprise,curiosity,true,11,m,random
B-terror-d1-v2,terror,confusion,confusion,false,11,m,random
B-terror-d1-v3,terror,fear,"",true,11,m,random
B-terror-d1-v4,terror,fear,"",true,11,m,random
B-terror-d2-v1,terror,sadness,love,true,11,m,random
B-terror-d2-v2,terror,anxiety,anxiety,false,11,m,random
B-terror-d2-v3,terror,anxiety,(,true,11,m,random
B-terror-d2-v4,terror,fear,confusion,true,11,m,random
B-terror-d3-v1,terror,fear,surprise,true,11,m,random
B-terror-d3-v2,terror,fear,relief,true,11,m,random
B-terror-d3-v3,terror,fear,fear,false,11,m,random
B-terror-d3-v4,terror,curiosity,(,true,11,m,random
B-vigilance-d1-v1,vigilance,surprise,(,true,11,m,random
B-vigilance-d1-v2,vigilance,fear,anticipation,true,11,m,random
B-vigilance-d1-v3,vigilance,anxiety,relief,true,11,m,random
B-vigilance-d1-v4,vigilance,relief,confusion,true,11,m,random
B-vigilance-d2-v1,vigilance,anxiety,joy,true,11,m,random
B-vigilance-d2-v2,vigilance,anticipation,silence,true,11,m,random
B-vigilance-d2-v3,vigilance,excitement,joy,true,11,m,random
B-vigilance-d2-v4,vigilance,indifference,(,true,11,m,random
B-vigilance-d3-v1,vigilance,calm,joy,true,11,m,random
B-vigilance-d3-v2,vigilance,anxiety,excitement,true,11,m,random
B-vigilance-d3-v3,vigilance,fear,"",true,11,m,random
B-vigilance-d3-v4,vigilance,curiosity,a,true,11,m,random
B-admiration-d1-v1,admiration,pride,pride,false,12,m,random
B-admiration-d1-v2,admiration,empathy,empathy,false,12,m,random
B-admiration-d1-v3,admiration,nostalgia,love,true,12,m,random
B-admiration-d1-v4,admiration,calm,calm,false,12,m,random
B-admiration-d2-v1,admiration,guilt,anger,true,12,m,random
B-admiration-d2-v2,admiration,sadness,sadness,false,12,m,random
B-admiration-d2-v3,admiration,guilt,guilt,false,12,m,random
B-admiration-d2-v4,admiration,regret,sadness,true,12,m,random
B-admiration-d3-v1,admiration,pride,joy,true,12,m,random
B-admiration-d3-v2,admiration,disappointment,sadness,true,12,m,random
B-admiration-d3-v3,admiration,disappointment,pride,true,12,m,random
B-admiration-d3-v4,admiration,curiosity,sadness,true,12,m,random
B-amazement-d1-v1,amazement,awe,awe,false,12,m,random
B-amazement-d1-v2,amazement,surprise,shock,true,12,m,random
B-amazement-d1-v3,amazement,wonder,awe,true,12,m,random
B-amazement-d1-v4,amazement,relief,fear,true,12,m,random
B-amazement-d2-v1,amazement,relief,sadness,true,12,m,random
B-amazement-d2-v2,amazement,awe,joy,true,12,m,random
B-amazement-d2-v3,amazement,relief,relief,false,12,m,random
B-amazement-d2-v4,amazement,relief,sadness,true,12,m,random
B-amazement-d3-v1,amazement,understanding,understanding,false,12,m,random
B-amazement-d3-v2,amazement,curiosity,curiosity,false,12,m,random
B-amazement-d3-v3,amazement,confusion,frustration,true,12,m,random
B-amazement-d3-v4,amazement,polit,curiosity,true,12,m,random
B-ecstasy-d1-v1,ecstasy,grief,sadness,true,12,m,random
B-ecstasy-d1-v2,ecstasy,sadness,sadness,false,12,m,random
B-ecstasy-d1-v3,ecstasy,frustration,sadness,true,12,m,random
B-ecstasy-d1-v4,ecstasy,pride,pride,false,12,m,random
B-ecstasy-d2-v1,ecstasy,nostalgia,nostalgia,false,12,m,random
B-ecstasy-d2-v2,ecstasy,anxiety,relief,true,12,m,random
B-ecstasy-d2-v3,ecstasy,nostalgia,sadness,true,12,m,random
B-ecstasy-d2-v4,ecstasy,curiosity,surprise,true,12,m,random
B-ecstasy-d3-v1,ecstasy,surprise,joy,true,12,m,random
B-ecstasy-d3-v2,ecstasy,wonder,excitement,true,12,m,random
B-ecstasy-d3-v3,ecstasy,confusion,confusion,false,12,m,random
B-ecstasy-d3-v4,ecstasy,curiosity,curiosity,false,12,m,random
B-grief-d1-v1,grief,nostalgia,nostalgia,false,12,m,random
B-grief-d1-v2,grief,indifference,numb,true,12,m,random
B-grief-d1-v3,grief,sadness,sadness,false,12,m,random
B-grief-d1-v4,grief,grief,grief,false,12,m,random
B-grief-d2-v1,grief,sadness,sadness,false,12,m,random
B-grief-d2-v2,grief,nostalgia,relief,true,12,m,random
B-grief-d2-v3,grief,nostalgia,sadness,true,12,m,random
B-grief-d2-v4,grief,nostalgia,sadness,true,12,m,random
B-grief-d3-v1,grief,sadness,sadness,false,12,m,random
B-grief-d3-v2,grief,sadness,sadness,false,12,m,random
B-grief-d3-v3,grief,nostalgia,empathy,true,12,m,random
B-grief-d3-v4,grief,sadness,sadness,false,12,m,random
B-loathing-d1-v1,loathing,satisfaction,none,true,12,m,random
B-loathing-d1-v2,loathing,relief,surprise,true,12,m,random
B-loathing-d1-v3,loathing,surprise,anger,true,12,m,random
B-loathing-d1-v4,loathing,pride,pride,false,12,m,random
B-loathing-d2-v1,loathing,fear,anxiety,true,12,m,random
B-loathing-d2-v2,loathing,confusion,disgust,true,12,m,random
B-loathing-d2-v3,loathing,concern,frustration,true,12,m,random
B-loathing-d2-v4,loathing,guilt,(,true,12,m,random
B-loathing-d3-v1,loathing,anger,guilt,true,12,m,random
B-loathing-d3-v2,loathing,anger,anger,false,12,m,random
B-loathing-d3-v3,loathing,anger,joy,true,12,m,random
B-loathing-d3-v4,loathing,anger,none,true,12,m,random
B-rage-d1-v1,rage,anger,anger,false,12,m,random
B-rage-d1-v2,rage,satisfaction,pride,true,12,m,random
B-rage-d1-v3,rage,anger,guilt,true,12,m,random
B-rage-d1-v4,rage,guilt,anger,true,12,m,random
B-rage-d2-v1,rage,relief,no,true,12,m,random
B-rage-d2-v2,rage,anger,anger,false,12,m,random
B-rage-d2-v3,rage,frustration,frustration,false,12,m,random
B-rage-d2-v4,rage,concern,curiosity,true,12,m,random
B-rage-d3-v1,rage,guilt,guilt,false,12,m,random
B-rage-d3-v2,rage,fear,fear,false,12,m,random
B-rage-d3-v3,rage,indifference,pride,true,12,m,random
B-rage-d3-v4,rage,anger,frustration,true,12,m,random
B-terror-d1-v1,terror,surprise,surprise,false,12,m,random
B-terror-d1-v2,terror,confusion,confusion,false,12,m,random
B-terror-d1-v3,terror,fear,fear,false,12,m,random
B-terror-d1-v4,terror,fear,anxiety,true,12,m,random
B-terror-d2-v1,terror,sadness,relief,true,12,m,random
B-terror-d2-v2,terror,anxiety,anxiety,false,12,m,random
B-terror-d2-v3,terror,anxiety,none,true,12,m,random
B-terror-d2-v4,terror,fear,fear,false,12,m,random
B-terror-d3-v1,terror,fear,curiosity,true,12,m,random
B-terror-d3-v2,terror,fear,relief,true,12,m,random
B-terror-d3-v3,terror,fear,fear,false,12,m,random
B-terror-d3-v4,terror,curiosity,curiosity,false,12,m,random
B-vigilance-d1-v1,vigilance,surprise,relief,true,12,m,random
B-vigilance-d1-v2,vigilance,fear,relief,true,12,m,random
B-vigilance-d1-v3,vigilance,anxiety,anxiety,false,12,m,random
B-vigilance-d1-v4,vigilance,relief,relief,false,12,m,random
B-vigilance-d2-v1,vigilance,anxiety,anxiety,false,12,m,random
B-vigilance-d2-v2,vigilance,anticipation,none,true,12,m,random
B-vigilance-d2-v3,vigilance,excitement,excitement,false,12,m,random
B-vigilance-d2-v4,vigilance,indifference,contempl,true,12,m,random
B-vigilance-d3-v1,vigilance,calm,none,true,12,m,random
B-vigilance-d3-v2,vigilance,anxiety,relief,true,12,m,random
B-vigilance-d3-v3,vigilance,fear,fear,false,12,m,random
B-vigilance-d3-v4,vigilance,curiosity,curiosity,false,12,m,random
B-admiration-d1-v1,admiration,pride,curiosity,true,13,m,random
B-admiration-d1-v2,admiration,empathy,empathy,false,13,m,random
B-admiration-d1-v3,admiration,nostalgia,love,true,13,m,random
B-admiration-d1-v4,admiration,calm,respect,true,13,m,random
B-admiration-d2-v1,admiration,guilt,regret,true,13,m,random
B-admiration-d2-v2,admiration,sadness,sadness,false,13,m,random
B-admiration-d2-v3,admiration,guilt,anger,true,13,m,random
B-admiration-d2-v4,admiration,regret,frustration,true,13,m,random
B-admiration-d3-v1,admiration,pride,joy,true,13,m,random
B-admiration-d3-v2,admiration,disappointment,regret,true,13,m,random
B-admiration-d3-v3,admiration,disappointment,pride,true,13,m,random
B-admiration-d3-v4,admiration,curiosity,curiosity,false,13,m,random
B-amazement-d1-v1,amazement,awe,fear,true,13,m,random
B-amazement-d1-v2,amazement,surprise,fear,true,13,m,random
B-amazement-d1-v3,amazement,wonder,awe,true,13,m,random
B-amazement-d1-v4,amazement,relief,relief,false,13,m,random
B-amazement-d2-v1,amazement,relief,relief,false,13,m,random
B-amazement-d2-v2,amazement,awe,(,true,13,m,random
B-amazement-d2-v3,amazement,relief,relief,false,13,m,random
B-amazement-d2-v4,amazement,relief,relief,false,13,m,random
B-amazement-d3-v1,amazement,understanding,understanding,false,13,m,random
B-amazement-d3-v2,amazement,curiosity,excitement,true,13,m,random
B-amazement-d3-v3,amazement,confusion,frustration,true,13,m,random
B-amazement-d3-v4,amazement,polit,curiosity,true,13,m,random
B-ecstasy-d1-v1,ecstasy,grief,grief,false,13,m,random
B-ecstasy-d1-v2,ecstasy,sadness,sadness,false,13,m,random
B-ecstasy-d1-v3,ecstasy,frustration,anticipation,true,13,m,random
B-ecstasy-d1-v4,ecstasy,pride,regret,true,13,m,random
B-ecstasy-d2-v1,ecstasy,nostalgia,nostalgia,false,13,m,random
B-ecstasy-d2-v2,ecstasy,anxiety,relief,true,13,m,random
B-ecstasy-d2-v3,ecstasy,nostalgia,nostalgia,false,13,m,random
B-ecstasy-d2-v4,ecstasy,curiosity,"",true,13,m,random
B-ecstasy-d3-v1,ecstasy,surprise,joy,true,13,m,random
B-ecstasy-d3-v2,ecstasy,wonder,fear,true,13,m,random
B-ecstasy-d3-v3,ecstasy,confusion,confusion,false,13,m,random
B-ecstasy-d3-v4,ecstasy,curiosity,curiosity,false,13,m,random
B-grief-d1-v1,grief,nostalgia,nostalgia,false,13,m,random
B-grief-d1-v2,grief,indifference,indifference,false,13,m,random
B-grief-d1-v3,grief,sadness,sadness,false,13,m,random
B-grief-d1-v4,grief,grief,grief,false,13,m,random
B-grief-d2-v1,grief,sadness,grief,true,13,m,random
B-grief-d2-v2,grief,nostalgia,nostalgia,false,13,m,random
B-grief-d2-v3,grief,nostalgia,none,true,13,m,random
B-grief-d2-v4,grief,nostalgia,frustration,true,13,m,random
B-grief-d3-v1,grief,sadness,grief,true,13,m,random
B-grief-d3-v2,grief,sadness,sadness,false,13,m,random
B-grief-d3-v3,grief,nostalgia,nostalgia,false,13,m,random
B-grief-d3-v4,grief,sadness,grief,true,13,m,random
B-loathing-d1-v1,loathing,satisfaction,pride,true,13,m,random
B-loathing-d1-v2,loathing,relief,none,true,13,m,random
B-loathing-d1-v3,loathing,surprise,anger,true,13,m,random
B-loathing-d1-v4,loathing,pride,respect,true,13,m,random
B-loathing-d2-v1,loathing,fear,fear,false,13,m,random
B-loathing-d2-v2,loathing,confusion,curiosity,true,13,m,random
B-loathing-d2-v3,loathing,concern,fear,true,13,m,random
B-loathing-d2-v4,loathing,guilt,fear,true,13,m,random
B-loathing-d3-v1,loathing,anger,"",true,13,m,random
B-loathing-d3-v2,loathing,anger,anger,false,13,m,random
B-loathing-d3-v3,loathing,anger,frustration,true,13,m,random
B-loathing-d3-v4,loathing,anger,none,true,13,m,random
B-rage-d1-v1,rage,anger,anger,false,13,m,random
B-rage-d1-v2,rage,satisfaction,curiosity,true,13,m,random
B-rage-d1-v3,rage,anger,greed,true,13,m,random
B-rage-d1-v4,rage,guilt,regret,true,13,m,random
B-rage-d2-v1,rage,relief,relief,false,13,m,random
B-rage-d2-v2,rage,anger,frustration,true,13,m,random
B-rage-d2-v3,rage,frustration,frustration,false,13,m,random
B-rage-d2-v4,rage,concern,surprise,true,13,m,random
B-rage-d3-v1,rage,guilt,fear,true,13,m,random
B-rage-d3-v2,rage,fear,fear,false,13,m,random
B-rage-d3-v3,rage,indifference,none,true,13,m,random
B-rage-d3-v4,rage,anger,anger,false,13,m,random
B-terror-d1-v1,terror,surprise,fear,true,13,m,random
B-terror-d1-v2,terror,confusion,frustration,true,13,m,random
B-terror-d1-v3,terror,fear,fear,false,13,m,random
B-terror-d1-v4,terror,fear,frustration,true,13,m,random
B-terror-d2-v1,terror,sadness,concern,true,13,m,random
B-terror-d2-v2,terror,anxiety,anxiety,false,13,m,random
B-terror-d2-v3,terror,anxiety,frustration,true,13,m,random
B-terror-d2-v4,terror,fear,fear,false,13,m,random
B-terror-d3-v1,terror,fear,fear,false,13,m,random
B-terror-d3-v2,terror,fear,fear,false,13,m,random
B-terror-d3-v3,terror,fear,curiosity,true,13,m,random
B-terror-d3-v4,terror,curiosity,curiosity,false,13,m,random
B-vigilance-d1-v1,vigilance,surprise,frustration,true,13,m,random
B-vigilance-d1-v2,vigilance,fear,frustration,true,13,m,random
B-vigilance-d1-v3,vigilance,anxiety,anxiety,false,13,m,random
B-vigilance-d1-v4,vigilance,relief,frustration,true,13,m,random
B-vigilance-d2-v1,vigilance,anxiety,excitement,true,13,m,random
B-vigilance-d2-v2,vigilance,anticipation,anticipation,false,13,m,random
B-vigilance-d2-v3,vigilance,excitement,excitement,false,13,m,random
B-vigilance-d2-v4,vigilance,indifference,curiosity,true,13,m,random
B-vigilance-d3-v1,vigilance,calm,excitement,true,13,m,random
B-vigilance-d3-v2,vigilance,anxiety,frustration,true,13,m,random
B-vigilance-d3-v3,vigilance,fear,fear,false,13,m,random
B-vigilance-d3-v4,vigilance,curiosity,curiosity,false,13,m,random
B-admiration-d1-v1,admiration,pride,pride,false,14,m,random
B-admiration-d1-v2,admiration,empathy,empathy,false,14,m,random
B-admiration-d1-v3,admiration,nostalgia,nostalgia,false,14,m,random
B-admiration-d1-v4,admiration,calm,admiration,true,14,m,random
B-admiration-d2-v1,admiration,guilt,guilt,false,14,m,random
B-admiration-d2-v2,admiration,sadness,grief,true,14,m,random
B-admiration-d2-v3,admiration,guilt,guilt,false,14,m,random
B-admiration-d2-v4,admiration,regret,regret,false,14,m,random
B-admiration-d3-v1,admiration,pride,pride,false,14,m,random
B-admiration-d3-v2,admiration,disappointment,hope,true,14,m,random
B-admiration-d3-v3,admiration,disappointment,determination,true,14,m,random
B-admiration-d3-v4,admiration,curiosity,concern,true,14,m,random
B-amazement-d1-v1,amazement,awe,confusion,true,14,m,random
B-amazement-d1-v2,amazement,surprise,sadness,true,14,m,random
B-amazement-d1-v3,amazement,wonder,confusion,true,14,m,random
B-amazement-d1-v4,amazement,relief,relief,false,14,m,random
B-amazement-d2-v1,amazement,relief,concern,true,14,m,random
B-amazement-d2-v2,amazement,awe,appreciation,true,14,m,random
B-amazement-d2-v3,amazement,relief,anger,true,14,m,random
B-amazement-d2-v4,amazement,relief,sadness,true,14,m,random
B-amazement-d3-v1,amazement,understanding,understanding,false,14,m,random
B-amazement-d3-v2,amazement,curiosity,surprise,true,14,m,random
B-amazement-d3-v3,amazement,confusion,frustration,true,14,m,random
B-amazement-d3-v4,amazement,polit,polite,true,14,m,random
B-ecstasy-d1-v1,ecstasy,grief,grief,false,14,m,random
B-ecstasy-d1-v2,ecstasy,sadness,shock,true,14,m,random
B-ecstasy-d1-v3,ecstasy,frustration,sadness,true,14,m,random
B-ecstasy-d1-v4,ecstasy,pride,anger,true,14,m,random
B-ecstasy-d2-v1,ecstasy,nostalgia,nostalgia,false,14,m,random
B-ecstasy-d2-v2,ecstasy,anxiety,frustration,true,14,m,random
B-ecstasy-d2-v3,ecstasy,nostalgia,sadness,true,14,m,random
B-ecstasy-d2-v4,ecstasy,curiosity,sadness,true,14,m,random
B-ecstasy-d3-v1,ecstasy,surprise,excitement,true,14,m,random
B-ecstasy-d3-v2,ecstasy,wonder,confusion,true,14,m,random
B-ecstasy-d3-v3,ecstasy,confusion,confusion,false,14,m,random
B-ecstasy-d3-v4,ecstasy,curiosity,regret,true,14,m,random
B-grief-d1-v1,grief,nostalgia,grief,true,14,m,random
B-grief-d1-v2,grief,indifference,indifference,false,14,m,random
B-grief-d1-v3,grief,sadness,sadness,false,14,m,random
B-grief-d1-v4,grief,grief,grief,false,14,m,random
B-grief-d2-v1,grief,sadness,sadness,false,14,m,random
B-grief-d2-v2,grief,nostalgia,regret,true,14,m,random
B-grief-d2-v3,grief,nostalgia,sadness,true,14,m,random
B-grief-d2-v4,grief,nostalgia,regret,true,14,m,random
B-grief-d3-v1,grief,sadness,sadness,false,14,m,random
B-grief-d3-v2,grief,sadness,sadness,false,14,m,random
B-grief-d3-v3,grief,nostalgia,regret,true,14,m,random
B-grief-d3-v4,grief,sadness,grief,true,14,m,random
B-loathing-d1-v1,loathing,satisfaction,greed,true,14,m,random
B-loathing-d1-v2,loathing,relief,none,true,14,m,random
B-loathing-d1-v3,loathing,surprise,frustration,true,14,m,random
B-loathing-d1-v4,loathing,pride,pride,false,14,m,random
B-loathing-d2-v1,loathing,fear,anger,true,14,m,random
B-loathing-d2-v2,loathing,confusion,confusion,false,14,m,random
B-loathing-d2-v3,loathing,concern,concern,false,14,m,random
B-loathing-d2-v4,loathing,guilt,confusion,true,14,m,random
B-loathing-d3-v1,loathing,anger,anger,false,14,m,random
B-loathing-d3-v2,loathing,anger,anger,false,14,m,random
B-loathing-d3-v3,loathing,anger,anger,false,14,m,random
B-loathing-d3-v4,loathing,anger,anger,false,14,m,random
B-rage-d1-v1,rage,anger,anger,false,14,m,random
B-rage-d1-v2,rage,satisfaction,satisfaction,false,14,m,random
B-rage-d1-v3,rage,anger,frustration,true,14,m,random
B-rage-d1-v4,rage,guilt,guilt,false,14,m,random
B-rage-d2-v1,rage,relief,none,true,14,m,random
B-rage-d2-v2,rage,anger,anger,false,14,m,random
B-rage-d2-v3,rage,frustration,anger,true,14,m,random
B-rage-d2-v4,rage,concern,confusion,true,14,m,random
B-rage-d3-v1,rage,guilt,anger,true,14,m,random
B-rage-d3-v2,rage,fear,anger,true,14,m,random
B-rage-d3-v3,rage,indifference,indifference,false,14,m,random
B-rage-d3-v4,rage,anger,anger,false,14,m,random
B-terror-d1-v1,terror,surprise,confusion,true,14,m,random
B-terror-d1-v2,terror,confusion,confusion,false,14,m,random
B-terror-d1-v3,terror,fear,confusion,true,14,m,random
B-terror-d1-v4,terror,fear,confusion,true,14,m,random
B-terror-d2-v1,terror,sadness,anger,true,14,m,random
B-terror-d2-v2,terror,anxiety,confusion,true,14,m,random
B-terror-d2-v3,terror,anxiety,confusion,true,14,m,random
B-terror-d2-v4,terror,fear,confusion,true,14,m,random
B-terror-d3-v1,terror,fear,sadness,true,14,m,random
B-terror-d3-v2,terror,fear,anger,true,14,m,random
B-terror-d3-v3,terror,fear,confusion,true,14,m,random
B-terror-d3-v4,terror,curiosity,confusion,true,14,m,random
B-vigilance-d1-v1,vigilance,surprise,anger,true,14,m,random
B-vigilance-d1-v2,vigilance,fear,confusion,true,14,m,random
B-vigilance-d1-v3,vigilance,anxiety,fear,true,14,m,random
B-vigilance-d1-v4,vigilance,relief,relief,false,14,m,random
B-vigilance-d2-v1,vigilance,anxiety,concern,true,14,m,random
B-vigilance-d2-v2,vigilance,anticipation,frustration,true,14,m,random
B-vigilance-d2-v3,vigilance,excitement,sadness,true,14,m,random
B-vigilance-d2-v4,vigilance,indifference,indifference,false,14,m,random
B-vigilance-d3-v1,vigilance,calm,fear,true,14,m,random
B-vigilance-d3-v2,vigilance,anxiety,confusion,true,14,m,random
B-vigilance-d3-v3,vigilance,fear,fear,false,14,m,random
B-vigilance-d3-v4,vigilance,curiosity,curiosity,false,14,m,random
B-admiration-d1-v1,admiration,pride,wonder,true,15,m,random
B-admiration-d1-v2,admiration,empathy,admiration,true,15,m,random
B-admiration-d1-v3,admiration,nostalgia,hope,true,15,m,random
B-admiration-d1-v4,admiration,calm,nothing,true,15,m,random
B-admiration-d2-v1,admiration,guilt,guilt,false,15,m,random
B-admiration-d2-v2,admiration,sadness,sadness,false,15,m,random
B-admiration-d2-v3,admiration,guilt,understanding,true,15,m,random
B-admiration-d2-v4,admiration,regret,sadness,true,15,m,random
B-admiration-d3-v1,admiration,pride,satisfaction,true,15,m,random
B-admiration-d3-v2,admiration,disappointment,sadness,true,15,m,random
B-admiration-d3-v3,admiration,disappointment,sadness,true,15,m,random
B-admiration-d3-v4,admiration,curiosity,hope,true,15,m,random
B-amazement-d1-v1,amazement,awe,curiosity,true,15,m,random
B-amazement-d1-v2,amazement,surprise,satisfaction,true,15,m,random
B-amazement-d1-v3,amazement,wonder,content,true,15,m,random
B-amazement-d1-v4,amazement,relief,surprise,true,15,m,random
B-amazement-d2-v1,amazement,relief,surprise,true,15,m,random
B-amazement-d2-v2,amazement,awe,pride,true,15,m,random
B-amazement-d2-v3,amazement,relief,help,true,15,m,random
B-amazement-d2-v4,amazement,relief,joy,true,15,m,random
B-amazement-d3-v1,amazement,understanding,appreciation,true,15,m,random
B-amazement-d3-v2,amazement,curiosity,wonder,true,15,m,random
B-amazement-d3-v3,amazement,confusion,fascination,true,15,m,random
B-amazement-d3-v4,amazement,polit,amusement,true,15,m,random
B-ecstasy-d1-v1,ecstasy,grief,sadness,true,15,m,random
B-ecstasy-d1-v2,ecstasy,sadness,sadness,false,15,m,random
B-ecstasy-d1-v3,ecstasy,frustration,anxiety,true,15,m,random
B-ecstasy-d1-v4,ecstasy,pride,gratitude,true,15,m,random
B-ecstasy-d2-v1,ecstasy,nostalgia,grief,true,15,m,random
B-ecstasy-d2-v2,ecstasy,anxiety,grief,true,15,m,random
B-ecstasy-d2-v3,ecstasy,nostalgia,sadness,true,15,m,random
B-ecstasy-d2-v4,ecstasy,curiosity,interest,true,15,m,random
B-ecstasy-d3-v1,ecstasy,surprise,joy,true,15,m,random
B-ecstasy-d3-v2,ecstasy,wonder,excitement,true,15,m,random
B-ecstasy-d3-v3,ecstasy,confusion,doubt,true,15,m,random
B-ecstasy-d3-v4,ecstasy,curiosity,excitement,true,15,m,random
B-grief-d1-v1,grief,nostalgia,nostalgia,false,15,m,random
B-grief-d1-v2,grief,indifference,meaning,true,15,m,random
B-grief-d1-v3,grief,sadness,sadness,false,15,m,random
B-grief-d1-v4,grief,grief,sadness,true,15,m,random
B-grief-d2-v1,grief,sadness,som,true,15,m,random
B-grief-d2-v2,grief,nostalgia,pride,true,15,m,random
B-grief-d2-v3,grief,nostalgia,sadness,true,15,m,random
B-grief-d2-v4,grief,nostalgia,year,true,15,m,random
B-grief-d3-v1,grief,sadness,sadness,false,15,m,random
B-grief-d3-v2,grief,sadness,sadness,false,15,m,random
B-grief-d3-v3,grief,nostalgia,nostalgia,false,15,m,random
B-grief-d3-v4,grief,sadness,sadness,false,15,m,random
B-loathing-d1-v1,loathing,satisfaction,none,true,15,m,random
B-loathing-d1-v2,loathing,relief,none,true,15,m,random
B-loathing-d1-v3,loathing,surprise,power,true,15,m,random
B-loathing-d1-v4,loathing,pride,satisfaction,true,15,m,random
B-loathing-d2-v1,loathing,fear,mixed,true,15,m,random
B-loathing-d2-v2,loathing,confusion,none,true,15,m,random
B-loathing-d2-v3,loathing,concern,guilt,true,15,m,random
B-loathing-d2-v4,loathing,guilt,fear,true,15,m,random
B-loathing-d3-v1,loathing,anger,sadness,true,15,m,random
B-loathing-d3-v2,loathing,anger,excitement,true,15,m,random
B-loathing-d3-v3,loathing,anger,satisfaction,true,15,m,random
B-loathing-d3-v4,loathing,anger,excitement,true,15,m,random
B-rage-d1-v1,rage,anger,grief,true,15,m,random
B-rage-d1-v2,rage,satisfaction,satisfaction,false,15,m,random
B-rage-d1-v3,rage,anger,anger,false,15,m,random
B-rage-d1-v4,rage,guilt,sadness,true,15,m,random
B-rage-d2-v1,rage,relief,sadness,true,15,m,random
B-rage-d2-v2,rage,anger,ap,true,15,m,random
B-rage-d2-v3,rage,frustration,excitement,true,15,m,random
B-rage-d2-v4,rage,concern,confusion,true,15,m,random
B-rage-d3-v1,rage,guilt,anger,true,15,m,random
B-rage-d3-v2,rage,fear,anger,true,15,m,random
B-rage-d3-v3,rage,indifference,pride,true,15,m,random
B-rage-d3-v4,rage,anger,confusion,true,15,m,random
B-terror-d1-v1,terror,surprise,fear,true,15,m,random
B-terror-d1-v2,terror,confusion,frustration,true,15,m,random
B-terror-d1-v3,terror,fear,confusion,true,15,m,random
B-terror-d1-v4,terror,fear,excitement,true,15,m,random
B-terror-d2-v1,terror,sadness,calm,true,15,m,random
B-terror-d2-v2,terror,anxiety,nervous,true,15,m,random
B-terror-d2-v3,terror,anxiety,concern,true,15,m,random
B-terror-d2-v4,terror,fear,fear,false,15,m,random
B-terror-d3-v1,terror,fear,fear,false,15,m,random
B-terror-d3-v2,terror,fear,fear,false,15,m,random
B-terror-d3-v3,terror,fear,curiosity,true,15,m,random
B-terror-d3-v4,terror,curiosity,curiosity,false,15,m,random
B-vigilance-d1-v1,vigilance,surprise,am,true,15,m,random
B-vigilance-d1-v2,vigilance,fear,relief,true,15,m,random
B-vigilance-d1-v3,vigilance,anxiety,sleep,true,15,m,random
B-vigilance-d1-v4,vigilance,relief,worry,true,15,m,random
B-vigilance-d2-v1,vigilance,anxiety,excitement,true,15,m,random
B-vigilance-d2-v2,vigilance,anticipation,silence,true,15,m,random
B-vigilance-d2-v3,vigilance,excitement,excitement,false,15,m,random
B-vigilance-d2-v4,vigilance,indifference,surprise,true,15,m,random
B-vigilance-d3-v1,vigilance,calm,fear,true,15,m,random
B-vigilance-d3-v2,vigilance,anxiety,pride,true,15,m,random
B-vigilance-d3-v3,vigilance,fear,excitement,true,15,m,random
B-vigilance-d3-v4,vigilance,curiosity,relief,true,15,m,random
