source_id,target_id,source_emotion,target_emotion,original_pred,patched_pred,success,layer,norm_depth,act_type,stimulus_set,condition
A-rage-10,A-grief-06,rage,grief,sadness,sadness,false,3,0.25,h,seta,within_set
A-rage-10,A-terror-06,rage,terror,fear,fear,false,3,0.25,h,seta,within_set
A-rage-10,A-ecstasy-06,rage,ecstasy,joy,joy,false,3,0.25,h,seta,within_set
A-rage-10,A-loathing-06,rage,loathing,disgust,disgust,false,3,0.25,h,seta,within_set
A-rage-10,A-amazement-06,rage,amazement,fear,fear,false,3,0.25,h,seta,within_set
A-rage-10,A-admiration-06,rage,admiration,trust,trust,false,3,0.25,h,seta,within_set
A-rage-10,A-vigilance-06,rage,vigilance,fear,anxiety,false,3,0.25,h,seta,within_set
A-grief-10,A-rage-06,grief,rage,anger,anger,false,3,0.25,h,seta,within_set
A-grief-10,A-terror-06,grief,terror,fear,fear,false,3,0.25,h,seta,within_set
A-grief-10,A-ecstasy-06,grief,ecstasy,joy,joy,false,3,0.25,h,seta,within_set
A-grief-10,A-loathing-06,grief,loathing,disgust,disgust,false,3,0.25,h,seta,within_set
A-grief-10,A-amazement-06,grief,amazement,fear,fear,false,3,0.25,h,seta,within_set
A-grief-10,A-admiration-06,grief,admiration,trust,trust,false,3,0.25,h,seta,within_set
A-grief-10,A-vigilance-06,grief,vigilance,fear,fear,false,3,0.25,h,seta,within_set
A-terror-10,A-rage-06,terror,rage,anger,anger,false,3,0.25,h,seta,within_set
A-terror-10,A-grief-06,terror,grief,sadness,sadness,false,3,0.25,h,seta,within_set
A-terror-10,A-ecstasy-06,terror,ecstasy,joy,joy,false,3,0.25,h,seta,within_set
A-terror-10,A-loathing-06,terror,loathing,disgust,disgust,false,3,0.25,h,seta,within_set
A-terror-10,A-amazement-06,terror,amazement,fear,fear,true,3,0.25,h,seta,within_set
A-terror-10,A-admiration-06,terror,admiration,trust,trust,false,3,0.25,h,seta,within_set
A-terror-10,A-vigilance-06,terror,vigilance,fear,anxiety,true,3,0.25,h,seta,within_set
A-ecstasy-10,A-rage-06,ecstasy,rage,anger,anger,false,3,0.25,h,seta,within_set
A-ecstasy-10,A-grief-06,ecstasy,grief,sadness,sadness,false,3,0.25,h,seta,within_set
A-ecstasy-10,A-terror-06,ecstasy,terror,fear,fear,false,3,0.25,h,seta,within_set
A-ecstasy-10,A-loathing-06,ecstasy,loathing,disgust,disgust,false,3,0.25,h,seta,within_set
A-ecstasy-10,A-amazement-06,ecstasy,amazement,fear,fear,false,3,0.25,h,seta,within_set
A-ecstasy-10,A-admiration-06,ecstasy,admiration,trust,relief,false,3,0.25,h,seta,within_set
A-ecstasy-10,A-vigilance-06,ecstasy,vigilance,fear,fear,false,3,0.25,h,seta,within_set
A-loathing-10,A-rage-06,loathing,rage,anger,anger,false,3,0.25,h,seta,within_set
A-loathing-10,A-grief-06,loathing,grief,sadness,sadness,false,3,0.25,h,seta,within_set
A-loathing-10,A-terror-06,loathing,terror,fear,fear,false,3,0.25,h,seta,within_set
A-loathing-10,A-ecstasy-06,loathing,ecstasy,joy,joy,false,3,0.25,h,seta,within_set
A-loathing-10,A-amazement-06,loathing,amazement,fear,fear,false,3,0.25,h,seta,within_set
A-loathing-10,A-admiration-06,loathing,admiration,trust,trust,false,3,0.25,h,seta,within_set
A-loathing-10,A-vigilance-06,loathing,vigilance,fear,fear,false,3,0.25,h,seta,within_set
A-amazement-10,A-rage-06,amazement,rage,anger,anger,false,3,0.25,h,seta,within_set
A-amazement-10,A-grief-06,amazement,grief,sadness,sadness,false,3,0.25,h,seta,within_set
A-amazement-10,A-terror-06,amazement,terror,fear,fear,false,3,0.25,h,seta,within_set
A-amazement-10,A-ecstasy-06,amazement,ecstasy,joy,joy,false,3,0.25,h,seta,within_set
A-amazement-10,A-loathing-06,amazement,loathing,disgust,disgust,false,3,0.25,h,seta,within_set
A-amazement-10,A-admiration-06,amazement,admiration,trust,trust,false,3,0.25,h,seta,within_set
A-amazement-10,A-vigilance-06,amazement,vigilance,fear,anxiety,false,3,0.25,h,seta,within_set
A-admiration-10,A-rage-06,admiration,rage,anger,anger,false,3,0.25,h,seta,within_set
A-admiration-10,A-grief-06,admiration,grief,sadness,sadness,false,3,0.25,h,seta,within_set
A-admiration-10,A-terror-06,admiration,terror,fear,fear,false,3,0.25,h,seta,within_set
A-admiration-10,A-ecstasy-06,admiration,ecstasy,joy,joy,false,3,0.25,h,seta,within_set
A-admiration-10,A-loathing-06,admiration,loathing,disgust,disgust,false,3,0.25,h,seta,within_set
A-admiration-10,A-amazement-06,admiration,amazement,fear,fear,false,3,0.25,h,seta,within_set
A-admiration-10,A-vigilance-06,admiration,vigilance,fear,fear,false,3,0.25,h,seta,within_set
A-vigilance-10,A-rage-06,vigilance,rage,anger,anger,false,3,0.25,h,seta,within_set
A-vigilance-10,A-grief-06,vigilance,grief,sadness,sadness,false,3,0.25,h,seta,within_set
A-vigilance-10,A-terror-06,vigilance,terror,fear,fear,false,3,0.25,h,seta,within_set
A-vigilance-10,A-ecstasy-06,vigilance,ecstasy,joy,joy,false,3,0.25,h,seta,within_set
A-vigilance-10,A-loathing-06,vigilance,loathing,disgust,disgust,false,3,0.25,h,seta,within_set
A-vigilance-10,A-amazement-06,vigilance,amazement,fear,fear,false,3,0.25,h,seta,within_set
A-vigilance-10,A-admiration-06,vigilance,admiration,trust,relief,false,3,0.25,h,seta,within_set
A-rage-01,A-grief-04,rage,grief,sadness,sadness,false,7,0.5,h,seta,within_set
A-rage-01,A-terror-04,rage,terror,fear,fear,false,7,0.5,h,seta,within_set
A-rage-01,A-ecstasy-04,rage,ecstasy,joy,joy,false,7,0.5,h,seta,within_set
A-rage-01,A-loathing-04,rage,loathing,disgust,disgust,false,7,0.5,h,seta,within_set
A-rage-01,A-amazement-04,rage,amazement,surprise,surprise,false,7,0.5,h,seta,within_set
A-rage-01,A-admiration-04,rage,admiration,trust,trust,false,7,0.5,h,seta,within_set
A-rage-01,A-vigilance-04,rage,vigilance,fear,anxiety,false,7,0.5,h,seta,within_set
A-grief-01,A-rage-04,grief,rage,anger,anger,false,7,0.5,h,seta,within_set
A-grief-01,A-terror-04,grief,terror,fear,fear,false,7,0.5,h,seta,within_set
A-grief-01,A-ecstasy-04,grief,ecstasy,joy,joy,false,7,0.5,h,seta,within_set
A-grief-01,A-loathing-04,grief,loathing,disgust,disgust,false,7,0.5,h,seta,within_set
A-grief-01,A-amazement-04,grief,amazement,surprise,surprise,false,7,0.5,h,seta,within_set
A-grief-01,A-admiration-04,grief,admiration,trust,trust,false,7,0.5,h,seta,within_set
A-grief-01,A-vigilance-04,grief,vigilance,fear,anxiety,false,7,0.5,h,seta,within_set
A-terror-01,A-rage-04,terror,rage,anger,anger,false,7,0.5,h,seta,within_set
A-terror-01,A-grief-04,terror,grief,sadness,sadness,false,7,0.5,h,seta,within_set
A-terror-01,A-ecstasy-04,terror,ecstasy,joy,joy,false,7,0.5,h,seta,within_set
A-terror-01,A-loathing-04,terror,loathing,disgust,anger,false,7,0.5,h,seta,within_set
A-terror-01,A-amazement-04,terror,amazement,surprise,surprise,false,7,0.5,h,seta,within_set
A-terror-01,A-admiration-04,terror,admiration,trust,trust,false,7,0.5,h,seta,within_set
A-terror-01,A-vigilance-04,terror,vigilance,fear,anxiety,true,7,0.5,h,seta,within_set
A-ecstasy-01,A-rage-04,ecstasy,rage,anger,anger,false,7,0.5,h,seta,within_set
A-ecstasy-01,A-grief-04,ecstasy,grief,sadness,sadness,false,7,0.5,h,seta,within_set
A-ecstasy-01,A-terror-04,ecstasy,terror,fear,fear,false,7,0.5,h,seta,within_set
A-ecstasy-01,A-loathing-04,ecstasy,loathing,disgust,anger,false,7,0.5,h,seta,within_set
A-ecstasy-01,A-amazement-04,ecstasy,amazement,surprise,surprise,false,7,0.5,h,seta,within_set
A-ecstasy-01,A-admiration-04,ecstasy,admiration,trust,trust,false,7,0.5,h,seta,within_set
A-ecstasy-01,A-vigilance-04,ecstasy,vigilance,fear,fear,false,7,0.5,h,seta,within_set
A-loathing-01,A-rage-04,loathing,rage,anger,anger,false,7,0.5,h,seta,within_set
A-loathing-01,A-grief-04,loathing,grief,sadness,sadness,false,7,0.5,h,seta,within_set
A-loathing-01,A-terror-04,loathing,terror,fear,fear,false,7,0.5,h,seta,within_set
A-loathing-01,A-ecstasy-04,loathing,ecstasy,joy,joy,false,7,0.5,h,seta,within_set
A-loathing-01,A-amazement-04,loathing,amazement,surprise,surprise,false,7,0.5,h,seta,within_set
A-loathing-01,A-admiration-04,loathing,admiration,trust,trust,false,7,0.5,h,seta,within_set
A-loathing-01,A-vigilance-04,loathing,vigilance,fear,anxiety,false,7,0.5,h,seta,within_set
A-amazement-01,A-rage-04,amazement,rage,anger,anger,false,7,0.5,h,seta,within_set
A-amazement-01,A-grief-04,amazement,grief,sadness,sadness,false,7,0.5,h,seta,within_set
A-amazement-01,A-terror-04,amazement,terror,fear,fear,false,7,0.5,h,seta,within_set
A-amazement-01,A-ecstasy-04,amazement,ecstasy,joy,joy,false,7,0.5,h,seta,within_set
A-amazement-01,A-loathing-04,amazement,loathing,disgust,disgust,false,7,0.5,h,seta,within_set
A-amazement-01,A-admiration-04,amazement,admiration,trust,trust,false,7,0.5,h,seta,within_set
A-amazement-01,A-vigilance-04,amazement,vigilance,fear,fear,false,7,0.5,h,seta,within_set
A-admiration-01,A-rage-04,admiration,rage,anger,anger,false,7,0.5,h,seta,within_set
A-admiration-01,A-grief-04,admiration,grief,sadness,sadness,false,7,0.5,h,seta,within_set
A-admiration-01,A-terror-04,admiration,terror,fear,fear,false,7,0.5,h,seta,within_set
A-admiration-01,A-ecstasy-04,admiration,ecstasy,joy,joy,false,7,0.5,h,seta,within_set
A-admiration-01,A-loathing-04,admiration,loathing,disgust,disgust,false,7,0.5,h,seta,within_set
A-admiration-01,A-amazement-04,admiration,amazement,surprise,surprise,false,7,0.5,h,seta,within_set
A-admiration-01,A-vigilance-04,admiration,vigilance,fear,fear,false,7,0.5,h,seta,within_set
A-vigilance-01,A-rage-04,vigilance,rage,anger,anger,false,7,0.5,h,seta,within_set
A-vigilance-01,A-grief-04,vigilance,grief,sadness,sadness,false,7,0.5,h,seta,within_set
A-vigilance-01,A-terror-04,vigilance,terror,fear,fear,false,7,0.5,h,seta,within_set
A-vigilance-01,A-ecstasy-04,vigilance,ecstasy,joy,joy,false,7,0.5,h,seta,within_set
A-vigilance-01,A-loathing-04,vigilance,loathing,disgust,anger,false,7,0.5,h,seta,within_set
A-vigilance-01,A-amazement-04,vigilance,amazement,surprise,surprise,false,7,0.5,h,seta,within_set
A-vigilance-01,A-admiration-04,vigilance,admiration,trust,trust,false,7,0.5,h,seta,within_set
A-rage-04,A-grief-10,rage,grief,sadness,sadness,false,9,0.625,h,seta,within_set
A-rage-04,A-terror-10,rage,terror,fear,anger,true,9,0.625,h,seta,within_set
A-rage-04,A-ecstasy-10,rage,ecstasy,joy,joy,false,9,0.625,h,seta,within_set
A-rage-04,A-loathing-10,rage,loathing,disgust,disgust,false,9,0.625,h,seta,within_set
A-rage-04,A-amazement-10,rage,amazement,disappointment,anger,true,9,0.625,h,seta,within_set
A-rage-04,A-admiration-10,rage,admiration,fear,fear,false,9,0.625,h,seta,within_set
A-rage-04,A-vigilance-10,rage,vigilance,anxiety,anxiety,false,9,0.625,h,seta,within_set
A-grief-04,A-rage-10,grief,rage,anger,sadness,true,9,0.625,h,seta,within_set
A-grief-04,A-terror-10,grief,terror,fear,fear,false,9,0.625,h,seta,within_set
A-grief-04,A-ecstasy-10,grief,ecstasy,joy,sadness,true,9,0.625,h,seta,within_set
A-grief-04,A-loathing-10,grief,loathing,disgust,sadness,true,9,0.625,h,seta,within_set
A-grief-04,A-amazement-10,grief,amazement,disappointment,sadness,true,9,0.625,h,seta,within_set
A-grief-04,A-admiration-10,grief,admiration,fear,sadness,true,9,0.625,h,seta,within_set
A-grief-04,A-vigilance-10,grief,vigilance,anxiety,anxiety,false,9,0.625,h,seta,within_set
A-terror-04,A-rage-10,terror,rage,anger,fear,true,9,0.625,h,seta,within_set
A-terror-04,A-grief-10,terror,grief,sadness,fear,true,9,0.625,h,seta,within_set
A-terror-04,A-ecstasy-10,terror,ecstasy,joy,relief,false,9,0.625,h,seta,within_set
A-terror-04,A-loathing-10,terror,loathing,disgust,fear,true,9,0.625,h,seta,within_set
A-terror-04,A-amazement-10,terror,amazement,disappointment,fear,true,9,0.625,h,seta,within_set
A-terror-04,A-admiration-10,terror,admiration,fear,fear,true,9,0.625,h,seta,within_set
A-terror-04,A-vigilance-10,terror,vigilance,anxiety,fear,true,9,0.625,h,seta,within_set
A-ecstasy-04,A-rage-10,ecstasy,rage,anger,joy,true,9,0.625,h,seta,within_set
A-ecstasy-04,A-grief-10,ecstasy,grief,sadness,joy,true,9,0.625,h,seta,within_set
A-ecstasy-04,A-terror-10,ecstasy,terror,fear,fear,false,9,0.625,h,seta,within_set
A-ecstasy-04,A-loathing-10,ecstasy,loathing,disgust,joy,true,9,0.625,h,seta,within_set
A-ecstasy-04,A-amazement-10,ecstasy,amazement,disappointment,joy,true,9,0.625,h,seta,within_set
A-ecstasy-04,A-admiration-10,ecstasy,admiration,fear,joy,true,9,0.625,h,seta,within_set
A-ecstasy-04,A-vigilance-10,ecstasy,vigilance,anxiety,joy,true,9,0.625,h,seta,within_set
A-loathing-04,A-rage-10,loathing,rage,anger,anger,false,9,0.625,h,seta,within_set
A-loathing-04,A-grief-10,loathing,grief,sadness,sadness,false,9,0.625,h,seta,within_set
A-loathing-04,A-terror-10,loathing,terror,fear,anger,false,9,0.625,h,seta,within_set
A-loathing-04,A-ecstasy-10,loathing,ecstasy,joy,joy,false,9,0.625,h,seta,within_set
A-loathing-04,A-amazement-10,loathing,amazement,disappointment,anger,false,9,0.625,h,seta,within_set
A-loathing-04,A-admiration-10,loathing,admiration,fear,fear,false,9,0.625,h,seta,within_set
A-loathing-04,A-vigilance-10,loathing,vigilance,anxiety,anxiety,false,9,0.625,h,seta,within_set
A-amazement-04,A-rage-10,amazement,rage,anger,surprise,true,9,0.625,h,seta,within_set
A-amazement-04,A-grief-10,amazement,grief,sadness,surprise,true,9,0.625,h,seta,within_set
A-amazement-04,A-terror-10,amazement,terror,fear,surprise,true,9,0.625,h,seta,within_set
A-amazement-04,A-ecstasy-10,amazement,ecstasy,joy,surprise,true,9,0.625,h,seta,within_set
A-amazement-04,A-loathing-10,amazement,loathing,disgust,disgust,false,9,0.625,h,seta,within_set
A-amazement-04,A-admiration-10,amazement,admiration,fear,surprise,true,9,0.625,h,seta,within_set
A-amazement-04,A-vigilance-10,amazement,vigilance,anxiety,anxiety,false,9,0.625,h,seta,within_set
A-admiration-04,A-rage-10,admiration,rage,anger,joy,false,9,0.625,h,seta,within_set
A-admiration-04,A-grief-10,admiration,grief,sadness,joy,false,9,0.625,h,seta,within_set
A-admiration-04,A-terror-10,admiration,terror,fear,fear,false,9,0.625,h,seta,within_set
A-admiration-04,A-ecstasy-10,admiration,ecstasy,joy,joy,false,9,0.625,h,seta,within_set
A-admiration-04,A-loathing-10,admiration,loathing,disgust,joy,false,9,0.625,h,seta,within_set
A-admiration-04,A-amazement-10,admiration,amazement,disappointment,relief,false,9,0.625,h,seta,within_set
A-admiration-04,A-vigilance-10,admiration,vigilance,anxiety,anxiety,false,9,0.625,h,seta,within_set
A-vigilance-04,A-rage-10,vigilance,rage,anger,fear,false,9,0.625,h,seta,within_set
A-vigilance-04,A-grief-10,vigilance,grief,sadness,anxiety,true,9,0.625,h,seta,within_set
A-vigilance-04,A-terror-10,vigilance,terror,fear,fear,false,9,0.625,h,seta,within_set
A-vigilance-04,A-ecstasy-10,vigilance,ecstasy,joy,excitement,false,9,0.625,h,seta,within_set
A-vigilance-04,A-loathing-10,vigilance,loathing,disgust,disgust,false,9,0.625,h,seta,within_set
A-vigilance-04,A-amazement-10,vigilance,amazement,disappointment,anxiety,true,9,0.625,h,seta,within_set
A-vigilance-04,A-admiration-10,vigilance,admiration,fear,fear,false,9,0.625,h,seta,within_set
A-rage-10,A-grief-07,rage,grief,sadness,sadness,false,10,0.6875,h,seta,within_set
A-rage-10,A-terror-07,rage,terror,fear,fear,false,10,0.6875,h,seta,within_set
A-rage-10,A-ecstasy-07,rage,ecstasy,joy,relief,false,10,0.6875,h,seta,within_set
A-rage-10,A-loathing-07,rage,loathing,anger,anger,true,10,0.6875,h,seta,within_set
A-rage-10,A-amazement-07,rage,amazement,surprise,surprise,false,10,0.6875,h,seta,within_set
A-rage-10,A-admiration-07,rage,admiration,relief,relief,false,10,0.6875,h,seta,within_set
A-rage-10,A-vigilance-07,rage,vigilance,anxiety,anxiety,false,10,0.6875,h,seta,within_set
A-grief-10,A-rage-07,grief,rage,anger,sadness,true,10,0.6875,h,seta,within_set
A-grief-10,A-terror-07,grief,terror,fear,fear,false,10,0.6875,h,seta,within_set
A-grief-10,A-ecstasy-07,grief,ecstasy,joy,sadness,true,10,0.6875,h,seta,within_set
A-grief-10,A-loathing-07,grief,loathing,anger,sadness,true,10,0.6875,h,seta,within_set
A-grief-10,A-amazement-07,grief,amazement,surprise,surprise,false,10,0.6875,h,seta,within_set
A-grief-10,A-admiration-07,grief,admiration,relief,sadness,true,10,0.6875,h,seta,within_set
A-grief-10,A-vigilance-07,grief,vigilance,anxiety,anxiety,false,10,0.6875,h,seta,within_set
A-terror-10,A-rage-07,terror,rage,anger,anger,false,10,0.6875,h,seta,within_set
A-terror-10,A-grief-07,terror,grief,sadness,fear,true,10,0.6875,h,seta,within_set
A-terror-10,A-ecstasy-07,terror,ecstasy,joy,fear,true,10,0.6875,h,seta,within_set
A-terror-10,A-loathing-07,terror,loathing,anger,anger,false,10,0.6875,h,seta,within_set
A-terror-10,A-amazement-07,terror,amazement,surprise,surprise,false,10,0.6875,h,seta,within_set
A-terror-10,A-admiration-07,terror,admiration,relief,fear,true,10,0.6875,h,seta,within_set
A-terror-10,A-vigilance-07,terror,vigilance,anxiety,fear,true,10,0.6875,h,seta,within_set
A-ecstasy-10,A-rage-07,ecstasy,rage,anger,joy,true,10,0.6875,h,seta,within_set
A-ecstasy-10,A-grief-07,ecstasy,grief,sadness,joy,true,10,0.6875,h,seta,within_set
A-ecstasy-10,A-terror-07,ecstasy,terror,fear,joy,true,10,0.6875,h,seta,within_set
A-ecstasy-10,A-loathing-07,ecstasy,loathing,anger,joy,true,10,0.6875,h,seta,within_set
A-ecstasy-10,A-amazement-07,ecstasy,amazement,surprise,joy,true,10,0.6875,h,seta,within_set
A-ecstasy-10,A-admiration-07,ecstasy,admiration,relief,joy,true,10,0.6875,h,seta,within_set
A-ecstasy-10,A-vigilance-07,ecstasy,vigilance,anxiety,joy,true,10,0.6875,h,seta,within_set
A-loathing-10,A-rage-07,loathing,rage,anger,anger,false,10,0.6875,h,seta,within_set
A-loathing-10,A-grief-07,loathing,grief,sadness,sadness,false,10,0.6875,h,seta,within_set
A-loathing-10,A-terror-07,loathing,terror,fear,fear,false,10,0.6875,h,seta,within_set
A-loathing-10,A-ecstasy-07,loathing,ecstasy,joy,relief,false,10,0.6875,h,seta,within_set
A-loathing-10,A-amazement-07,loathing,amazement,surprise,surprise,false,10,0.6875,h,seta,within_set
A-loathing-10,A-admiration-07,loathing,admiration,relief,relief,false,10,0.6875,h,seta,within_set
A-loathing-10,A-vigilance-07,loathing,vigilance,anxiety,anxiety,false,10,0.6875,h,seta,within_set
A-amazement-10,A-rage-07,amazement,rage,anger,anger,false,10,0.6875,h,seta,within_set
A-amazement-10,A-grief-07,amazement,grief,sadness,regret,false,10,0.6875,h,seta,within_set
A-amazement-10,A-terror-07,amazement,terror,fear,fear,false,10,0.6875,h,seta,within_set
A-amazement-10,A-ecstasy-07,amazement,ecstasy,joy,relief,false,10,0.6875,h,seta,within_set
A-amazement-10,A-loathing-07,amazement,loathing,anger,anger,false,10,0.6875,h,seta,within_set
A-amazement-10,A-admiration-07,amazement,admiration,relief,relief,false,10,0.6875,h,seta,within_set
A-amazement-10,A-vigilance-07,amazement,vigilance,anxiety,anxiety,false,10,0.6875,h,seta,within_set
A-admiration-10,A-rage-07,admiration,rage,anger,fear,false,10,0.6875,h,seta,within_set
A-admiration-10,A-grief-07,admiration,grief,sadness,grief,false,10,0.6875,h,seta,within_set
A-admiration-10,A-terror-07,admiration,terror,fear,fear,false,10,0.6875,h,seta,within_set
A-admiration-10,A-ecstasy-07,admiration,ecstasy,joy,relief,false,10,0.6875,h,seta,within_set
A-admiration-10,A-loathing-07,admiration,loathing,anger,fear,false,10,0.6875,h,seta,within_set
A-admiration-10,A-amazement-07,admiration,amazement,surprise,surprise,false,10,0.6875,h,seta,within_set
A-admiration-10,A-vigilance-07,admiration,vigilance,anxiety,fear,false,10,0.6875,h,seta,within_set
A-vigilance-10,A-rage-07,vigilance,rage,anger,anxiety,true,10,0.6875,h,seta,within_set
A-vigilance-10,A-grief-07,vigilance,grief,sadness,anxiety,true,10,0.6875,h,seta,within_set
A-vigilance-10,A-terror-07,vigilance,terror,fear,fear,false,10,0.6875,h,seta,within_set
A-vigilance-10,A-ecstasy-07,vigilance,ecstasy,joy,anxiety,true,10,0.6875,h,seta,within_set
A-vigilance-10,A-loathing-07,vigilance,loathing,anger,anxiety,true,10,0.6875,h,seta,within_set
A-vigilance-10,A-amazement-07,vigilance,amazement,surprise,anxiety,true,10,0.6875,h,seta,within_set
A-vigilance-10,A-admiration-07,vigilance,admiration,relief,anxiety,true,10,0.6875,h,seta,within_set
A-rage-08,A-grief-01,rage,grief,sadness,anger,true,11,0.75,h,seta,within_set
A-rage-08,A-terror-01,rage,terror,fear,anger,true,11,0.75,h,seta,within_set
A-rage-08,A-ecstasy-01,rage,ecstasy,joy,anger,true,11,0.75,h,seta,within_set
A-rage-08,A-loathing-01,rage,loathing,disgust,anger,true,11,0.75,h,seta,within_set
A-rage-08,A-amazement-01,rage,amazement,surprise,anger,true,11,0.75,h,seta,within_set
A-rage-08,A-admiration-01,rage,admiration,happiness,anger,true,11,0.75,h,seta,within_set
A-rage-08,A-vigilance-01,rage,vigilance,fear,anger,true,11,0.75,h,seta,within_set
A-grief-08,A-rage-01,grief,rage,anger,sadness,true,11,0.75,h,seta,within_set
A-grief-08,A-terror-01,grief,terror,fear,sadness,true,11,0.75,h,seta,within_set
A-grief-08,A-ecstasy-01,grief,ecstasy,joy,sadness,true,11,0.75,h,seta,within_set
A-grief-08,A-loathing-01,grief,loathing,disgust,sadness,true,11,0.75,h,seta,within_set
A-grief-08,A-amazement-01,grief,amazement,surprise,sadness,true,11,0.75,h,seta,within_set
A-grief-08,A-admiration-01,grief,admiration,happiness,sadness,true,11,0.75,h,seta,within_set
A-grief-08,A-vigilance-01,grief,vigilance,fear,sadness,true,11,0.75,h,seta,within_set
A-terror-08,A-rage-01,terror,rage,anger,fear,true,11,0.75,h,seta,within_set
A-terror-08,A-grief-01,terror,grief,sadness,fear,true,11,0.75,h,seta,within_set
A-terror-08,A-ecstasy-01,terror,ecstasy,joy,fear,true,11,0.75,h,seta,within_set
A-terror-08,A-loathing-01,terror,loathing,disgust,fear,true,11,0.75,h,seta,within_set
A-terror-08,A-amazement-01,terror,amazement,surprise,fear,true,11,0.75,h,seta,within_set
A-terror-08,A-admiration-01,terror,admiration,happiness,fear,true,11,0.75,h,seta,within_set
A-terror-08,A-vigilance-01,terror,vigilance,fear,fear,true,11,0.75,h,seta,within_set
A-ecstasy-08,A-rage-01,ecstasy,rage,anger,joy,true,11,0.75,h,seta,within_set
A-ecstasy-08,A-grief-01,ecstasy,grief,sadness,joy,true,11,0.75,h,seta,within_set
A-ecstasy-08,A-terror-01,ecstasy,terror,fear,joy,true,11,0.75,h,seta,within_set
A-ecstasy-08,A-loathing-01,ecstasy,loathing,disgust,joy,true,11,0.75,h,seta,within_set
A-ecstasy-08,A-amazement-01,ecstasy,amazement,surprise,joy,true,11,0.75,h,seta,within_set
A-ecstasy-08,A-admiration-01,ecstasy,admiration,happiness,joy,true,11,0.75,h,seta,within_set
A-ecstasy-08,A-vigilance-01,ecstasy,vigilance,fear,joy,true,11,0.75,h,seta,within_set
A-loathing-08,A-rage-01,loathing,rage,anger,disgust,true,11,0.75,h,seta,within_set
A-loathing-08,A-grief-01,loathing,grief,sadness,disgust,true,11,0.75,h,seta,within_set
A-loathing-08,A-terror-01,loathing,terror,fear,disgust,true,11,0.75,h,seta,within_set
A-loathing-08,A-ecstasy-01,loathing,ecstasy,joy,disgust,true,11,0.75,h,seta,within_set
A-loathing-08,A-amazement-01,loathing,amazement,surprise,disgust,true,11,0.75,h,seta,within_set
A-loathing-08,A-admiration-01,loathing,admiration,happiness,disgust,true,11,0.75,h,seta,within_set
A-loathing-08,A-vigilance-01,loathing,vigilance,fear,disgust,true,11,0.75,h,seta,within_set
A-amazement-08,A-rage-01,amazement,rage,anger,joy,false,11,0.75,h,seta,within_set
A-amazement-08,A-grief-01,amazement,grief,sadness,joy,false,11,0.75,h,seta,within_set
A-amazement-08,A-terror-01,amazement,terror,fear,joy,false,11,0.75,h,seta,within_set
A-amazement-08,A-ecstasy-01,amazement,ecstasy,joy,happiness,false,11,0.75,h,seta,within_set
A-amazement-08,A-loathing-01,amazement,loathing,disgust,joy,false,11,0.75,h,seta,within_set
A-amazement-08,A-admiration-01,amazement,admiration,happiness,joy,false,11,0.75,h,seta,within_set
A-amazement-08,A-vigilance-01,amazement,vigilance,fear,joy,false,11,0.75,h,seta,within_set
A-admiration-08,A-rage-01,admiration,rage,anger,trust,false,11,0.75,h,seta,within_set
A-admiration-08,A-grief-01,admiration,grief,sadness,trust,false,11,0.75,h,seta,within_set
A-admiration-08,A-terror-01,admiration,terror,fear,trust,false,11,0.75,h,seta,within_set
A-admiration-08,A-ecstasy-01,admiration,ecstasy,joy,relief,false,11,0.75,h,seta,within_set
A-admiration-08,A-loathing-01,admiration,loathing,disgust,trust,false,11,0.75,h,seta,within_set
A-admiration-08,A-amazement-01,admiration,amazement,surprise,trust,false,11,0.75,h,seta,within_set
A-admiration-08,A-vigilance-01,admiration,vigilance,fear,trust,false,11,0.75,h,seta,within_set
A-vigilance-08,A-rage-01,vigilance,rage,anger,anxiety,true,11,0.75,h,seta,within_set
A-vigilance-08,A-grief-01,vigilance,grief,sadness,anxiety,true,11,0.75,h,seta,within_set
A-vigilance-08,A-terror-01,vigilance,terror,fear,anxiety,true,11,0.75,h,seta,within_set
A-vigilance-08,A-ecstasy-01,vigilance,ecstasy,joy,anxiety,true,11,0.75,h,seta,within_set
A-vigilance-08,A-loathing-01,vigilance,loathing,disgust,anxiety,true,11,0.75,h,seta,within_set
A-vigilance-08,A-amazement-01,vigilance,amazement,surprise,anxiety,true,11,0.75,h,seta,within_set
A-vigilance-08,A-admiration-01,vigilance,admiration,happiness,anxiety,true,11,0.75,h,seta,within_set
A-rage-04,A-grief-03,rage,grief,grief,anger,true,12,0.8125,h,seta,within_set
A-rage-04,A-terror-03,rage,terror,fear,anger,true,12,0.8125,h,seta,within_set
A-rage-04,A-ecstasy-03,rage,ecstasy,happiness,anger,true,12,0.8125,h,seta,within_set
A-rage-04,A-loathing-03,rage,loathing,disgust,anger,true,12,0.8125,h,seta,within_set
A-rage-04,A-amazement-03,rage,amazement,joy,anger,true,12,0.8125,h,seta,within_set
A-rage-04,A-admiration-03,rage,admiration,trust,anger,true,12,0.8125,h,seta,within_set
A-rage-04,A-vigilance-03,rage,vigilance,anxiety,anger,true,12,0.8125,h,seta,within_set
A-grief-04,A-rage-03,grief,rage,anger,sadness,true,12,0.8125,h,seta,within_set
A-grief-04,A-terror-03,grief,terror,fear,sadness,true,12,0.8125,h,seta,within_set
A-grief-04,A-ecstasy-03,grief,ecstasy,happiness,sadness,true,12,0.8125,h,seta,within_set
A-grief-04,A-loathing-03,grief,loathing,disgust,sadness,true,12,0.8125,h,seta,within_set
A-grief-04,A-amazement-03,grief,amazement,joy,sadness,true,12,0.8125,h,seta,within_set
A-grief-04,A-admiration-03,grief,admiration,trust,sadness,true,12,0.8125,h,seta,within_set
A-grief-04,A-vigilance-03,grief,vigilance,anxiety,sadness,true,12,0.8125,h,seta,within_set
A-terror-04,A-rage-03,terror,rage,anger,fear,true,12,0.8125,h,seta,within_set
A-terror-04,A-grief-03,terror,grief,grief,fear,true,12,0.8125,h,seta,within_set
A-terror-04,A-ecstasy-03,terror,ecstasy,happiness,fear,true,12,0.8125,h,seta,within_set
A-terror-04,A-loathing-03,terror,loathing,disgust,fear,true,12,0.8125,h,seta,within_set
A-terror-04,A-amazement-03,terror,amazement,joy,fear,true,12,0.8125,h,seta,within_set
A-terror-04,A-admiration-03,terror,admiration,trust,fear,true,12,0.8125,h,seta,within_set
A-terror-04,A-vigilance-03,terror,vigilance,anxiety,fear,true,12,0.8125,h,seta,within_set
A-ecstasy-04,A-rage-03,ecstasy,rage,anger,joy,true,12,0.8125,h,seta,within_set
A-ecstasy-04,A-grief-03,ecstasy,grief,grief,joy,true,12,0.8125,h,seta,within_set
A-ecstasy-04,A-terror-03,ecstasy,terror,fear,joy,true,12,0.8125,h,seta,within_set
A-ecstasy-04,A-loathing-03,ecstasy,loathing,disgust,joy,true,12,0.8125,h,seta,within_set
A-ecstasy-04,A-amazement-03,ecstasy,amazement,joy,joy,true,12,0.8125,h,seta,within_set
A-ecstasy-04,A-admiration-03,ecstasy,admiration,trust,joy,true,12,0.8125,h,seta,within_set
A-ecstasy-04,A-vigilance-03,ecstasy,vigilance,anxiety,joy,true,12,0.8125,h,seta,within_set
A-loathing-04,A-rage-03,loathing,rage,anger,anger,false,12,0.8125,h,seta,within_set
A-loathing-04,A-grief-03,loathing,grief,grief,anger,false,12,0.8125,h,seta,within_set
A-loathing-04,A-terror-03,loathing,terror,fear,anger,false,12,0.8125,h,seta,within_set
A-loathing-04,A-ecstasy-03,loathing,ecstasy,happiness,anger,false,12,0.8125,h,seta,within_set
A-loathing-04,A-amazement-03,loathing,amazement,joy,anger,false,12,0.8125,h,seta,within_set
A-loathing-04,A-admiration-03,loathing,admiration,trust,anger,false,12,0.8125,h,seta,within_set
A-loathing-04,A-vigilance-03,loathing,vigilance,anxiety,anger,false,12,0.8125,h,seta,within_set
A-amazement-04,A-rage-03,amazement,rage,anger,surprise,true,12,0.8125,h,seta,within_set
A-amazement-04,A-grief-03,amazement,grief,grief,surprise,true,12,0.8125,h,seta,within_set
A-amazement-04,A-terror-03,amazement,terror,fear,shock,true,12,0.8125,h,seta,within_set
A-amazement-04,A-ecstasy-03,amazement,ecstasy,happiness,surprise,true,12,0.8125,h,seta,within_set
A-amazement-04,A-loathing-03,amazement,loathing,disgust,surprise,true,12,0.8125,h,seta,within_set
A-amazement-04,A-admiration-03,amazement,admiration,trust,surprise,true,12,0.8125,h,seta,within_set
A-amazement-04,A-vigilance-03,amazement,vigilance,anxiety,surprise,true,12,0.8125,h,seta,within_set
A-admiration-04,A-rage-03,admiration,rage,anger,love,false,12,0.8125,h,seta,within_set
A-admiration-04,A-grief-03,admiration,grief,grief,love,false,12,0.8125,h,seta,within_set
A-admiration-04,A-terror-03,admiration,terror,fear,love,false,12,0.8125,h,seta,within_set
A-admiration-04,A-ecstasy-03,admiration,ecstasy,happiness,love,false,12,0.8125,h,seta,within_set
A-admiration-04,A-loathing-03,admiration,loathing,disgust,love,false,12,0.8125,h,seta,within_set
A-admiration-04,A-amazement-03,admiration,amazement,joy,gratitude,false,12,0.8125,h,seta,within_set
A-admiration-04,A-vigilance-03,admiration,vigilance,anxiety,love,false,12,0.8125,h,seta,within_set
A-vigilance-04,A-rage-03,vigilance,rage,anger,anxiety,true,12,0.8125,h,seta,within_set
A-vigilance-04,A-grief-03,vigilance,grief,grief,fear,false,12,0.8125,h,seta,within_set
A-vigilance-04,A-terror-03,vigilance,terror,fear,fear,false,12,0.8125,h,seta,within_set
A-vigilance-04,A-ecstasy-03,vigilance,ecstasy,happiness,fear,false,12,0.8125,h,seta,within_set
A-vigilance-04,A-loathing-03,vigilance,loathing,disgust,anxiety,true,12,0.8125,h,seta,within_set
A-vigilance-04,A-amazement-03,vigilance,amazement,joy,fear,false,12,0.8125,h,seta,within_set
A-vigilance-04,A-admiration-03,vigilance,admiration,trust,fear,false,12,0.8125,h,seta,within_set
A-rage-10,A-grief-09,rage,grief,sadness,anger,true,13,0.875,h,seta,within_set
A-rage-10,A-terror-09,rage,terror,fear,anger,true,13,0.875,h,seta,within_set
A-rage-10,A-ecstasy-09,rage,ecstasy,excitement,anger,true,13,0.875,h,seta,within_set
A-rage-10,A-loathing-09,rage,loathing,disgust,anger,true,13,0.875,h,seta,within_set
A-rage-10,A-amazement-09,rage,amazement,surprise,anger,true,13,0.875,h,seta,within_set
A-rage-10,A-admiration-09,rage,admiration,anger,anger,true,13,0.875,h,seta,within_set
A-rage-10,A-vigilance-09,rage,vigilance,anxiety,anger,true,13,0.875,h,seta,within_set
A-grief-10,A-rage-09,grief,rage,anger,sadness,true,13,0.875,h,seta,within_set
A-grief-10,A-terror-09,grief,terror,fear,sadness,true,13,0.875,h,seta,within_set
A-grief-10,A-ecstasy-09,grief,ecstasy,excitement,sadness,true,13,0.875,h,seta,within_set
A-grief-10,A-loathing-09,grief,loathing,disgust,sadness,true,13,0.875,h,seta,within_set
A-grief-10,A-amazement-09,grief,amazement,surprise,sadness,true,13,0.875,h,seta,within_set
A-grief-10,A-admiration-09,grief,admiration,anger,sadness,true,13,0.875,h,seta,within_set
A-grief-10,A-vigilance-09,grief,vigilance,anxiety,sadness,true,13,0.875,h,seta,within_set
A-terror-10,A-rage-09,terror,rage,anger,fear,true,13,0.875,h,seta,within_set
A-terror-10,A-grief-09,terror,grief,sadness,fear,true,13,0.875,h,seta,within_set
A-terror-10,A-ecstasy-09,terror,ecstasy,excitement,fear,true,13,0.875,h,seta,within_set
A-terror-10,A-loathing-09,terror,loathing,disgust,fear,true,13,0.875,h,seta,within_set
A-terror-10,A-amazement-09,terror,amazement,surprise,fear,true,13,0.875,h,seta,within_set
A-terror-10,A-admiration-09,terror,admiration,anger,fear,true,13,0.875,h,seta,within_set
A-terror-10,A-vigilance-09,terror,vigilance,anxiety,fear,true,13,0.875,h,seta,within_set
A-ecstasy-10,A-rage-09,ecstasy,rage,anger,joy,true,13,0.875,h,seta,within_set
A-ecstasy-10,A-grief-09,ecstasy,grief,sadness,joy,true,13,0.875,h,seta,within_set
A-ecstasy-10,A-terror-09,ecstasy,terror,fear,joy,true,13,0.875,h,seta,within_set
A-ecstasy-10,A-loathing-09,ecstasy,loathing,disgust,joy,true,13,0.875,h,seta,within_set
A-ecstasy-10,A-amazement-09,ecstasy,amazement,surprise,joy,true,13,0.875,h,seta,within_set
A-ecstasy-10,A-admiration-09,ecstasy,admiration,anger,joy,true,13,0.875,h,seta,within_set
A-ecstasy-10,A-vigilance-09,ecstasy,vigilance,anxiety,joy,true,13,0.875,h,seta,within_set
A-loathing-10,A-rage-09,loathing,rage,anger,disgust,true,13,0.875,h,seta,within_set
A-loathing-10,A-grief-09,loathing,grief,sadness,disgust,true,13,0.875,h,seta,within_set
A-loathing-10,A-terror-09,loathing,terror,fear,disgust,true,13,0.875,h,seta,within_set
A-loathing-10,A-ecstasy-09,loathing,ecstasy,excitement,disgust,true,13,0.875,h,seta,within_set
A-loathing-10,A-amazement-09,loathing,amazement,surprise,disgust,true,13,0.875,h,seta,within_set
A-loathing-10,A-admiration-09,loathing,admiration,anger,disgust,true,13,0.875,h,seta,within_set
A-loathing-10,A-vigilance-09,loathing,vigilance,anxiety,disgust,true,13,0.875,h,seta,within_set
A-amazement-10,A-rage-09,amazement,rage,anger,disappointment,false,13,0.875,h,seta,within_set
A-amazement-10,A-grief-09,amazement,grief,sadness,regret,false,13,0.875,h,seta,within_set
A-amazement-10,A-terror-09,amazement,terror,fear,regret,false,13,0.875,h,seta,within_set
A-amazement-10,A-ecstasy-09,amazement,ecstasy,excitement,disappointment,false,13,0.875,h,seta,within_set
A-amazement-10,A-loathing-09,amazement,loathing,disgust,disappointment,false,13,0.875,h,seta,within_set
A-amazement-10,A-admiration-09,amazement,admiration,anger,disappointment,false,13,0.875,h,seta,within_set
A-amazement-10,A-vigilance-09,amazement,vigilance,anxiety,disappointment,false,13,0.875,h,seta,within_set
A-admiration-10,A-rage-09,admiration,rage,anger,fear,false,13,0.875,h,seta,within_set
A-admiration-10,A-grief-09,admiration,grief,sadness,fear,false,13,0.875,h,seta,within_set
A-admiration-10,A-terror-09,admiration,terror,fear,fear,false,13,0.875,h,seta,within_set
A-admiration-10,A-ecstasy-09,admiration,ecstasy,excitement,fear,false,13,0.875,h,seta,within_set
A-admiration-10,A-loathing-09,admiration,loathing,disgust,fear,false,13,0.875,h,seta,within_set
A-admiration-10,A-amazement-09,admiration,amazement,surprise,fear,false,13,0.875,h,seta,within_set
A-admiration-10,A-vigilance-09,admiration,vigilance,anxiety,fear,false,13,0.875,h,seta,within_set
A-vigilance-10,A-rage-09,vigilance,rage,anger,anxiety,true,13,0.875,h,seta,within_set
A-vigilance-10,A-grief-09,vigilance,grief,sadness,anxiety,true,13,0.875,h,seta,within_set
A-vigilance-10,A-terror-09,vigilance,terror,fear,anxiety,true,13,0.875,h,seta,within_set
A-vigilance-10,A-ecstasy-09,vigilance,ecstasy,excitement,anxiety,true,13,0.875,h,seta,within_set
A-vigilance-10,A-loathing-09,vigilance,loathing,disgust,anxiety,true,13,0.875,h,seta,within_set
A-vigilance-10,A-amazement-09,vigilance,amazement,surprise,anxiety,true,13,0.875,h,seta,within_set
A-vigilance-10,A-admiration-09,vigilance,admiration,anger,anxiety,true,13,0.875,h,seta,within_set
A-rage-01,A-grief-07,rage,grief,sadness,anger,true,15,1.0,h,seta,within_set
A-rage-01,A-terror-07,rage,terror,fear,anger,true,15,1.0,h,seta,within_set
A-rage-01,A-ecstasy-07,rage,ecstasy,joy,anger,true,15,1.0,h,seta,within_set
A-rage-01,A-loathing-07,rage,loathing,anger,anger,true,15,1.0,h,seta,within_set
A-rage-01,A-amazement-07,rage,amazement,surprise,anger,true,15,1.0,h,seta,within_set
A-rage-01,A-admiration-07,rage,admiration,relief,anger,true,15,1.0,h,seta,within_set
A-rage-01,A-vigilance-07,rage,vigilance,anxiety,anger,true,15,1.0,h,seta,within_set
A-grief-01,A-rage-07,grief,rage,anger,sadness,true,15,1.0,h,seta,within_set
A-grief-01,A-terror-07,grief,terror,fear,sadness,true,15,1.0,h,seta,within_set
A-grief-01,A-ecstasy-07,grief,ecstasy,joy,sadness,true,15,1.0,h,seta,within_set
A-grief-01,A-loathing-07,grief,loathing,anger,sadness,true,15,1.0,h,seta,within_set
A-grief-01,A-amazement-07,grief,amazement,surprise,sadness,true,15,1.0,h,seta,within_set
A-grief-01,A-admiration-07,grief,admiration,relief,sadness,true,15,1.0,h,seta,within_set
A-grief-01,A-vigilance-07,grief,vigilance,anxiety,sadness,true,15,1.0,h,seta,within_set
A-terror-01,A-rage-07,terror,rage,anger,fear,true,15,1.0,h,seta,within_set
A-terror-01,A-grief-07,terror,grief,sadness,fear,true,15,1.0,h,seta,within_set
A-terror-01,A-ecstasy-07,terror,ecstasy,joy,fear,true,15,1.0,h,seta,within_set
A-terror-01,A-loathing-07,terror,loathing,anger,fear,true,15,1.0,h,seta,within_set
A-terror-01,A-amazement-07,terror,amazement,surprise,fear,true,15,1.0,h,seta,within_set
A-terror-01,A-admiration-07,terror,admiration,relief,fear,true,15,1.0,h,seta,within_set
A-terror-01,A-vigilance-07,terror,vigilance,anxiety,fear,true,15,1.0,h,seta,within_set
A-ecstasy-01,A-rage-07,ecstasy,rage,anger,joy,true,15,1.0,h,seta,within_set
A-ecstasy-01,A-grief-07,ecstasy,grief,sadness,joy,true,15,1.0,h,seta,within_set
A-ecstasy-01,A-terror-07,ecstasy,terror,fear,joy,true,15,1.0,h,seta,within_set
A-ecstasy-01,A-loathing-07,ecstasy,loathing,anger,joy,true,15,1.0,h,seta,within_set
A-ecstasy-01,A-amazement-07,ecstasy,amazement,surprise,joy,true,15,1.0,h,seta,within_set
A-ecstasy-01,A-admiration-07,ecstasy,admiration,relief,joy,true,15,1.0,h,seta,within_set
A-ecstasy-01,A-vigilance-07,ecstasy,vigilance,anxiety,joy,true,15,1.0,h,seta,within_set
A-loathing-01,A-rage-07,loathing,rage,anger,disgust,true,15,1.0,h,seta,within_set
A-loathing-01,A-grief-07,loathing,grief,sadness,disgust,true,15,1.0,h,seta,within_set
A-loathing-01,A-terror-07,loathing,terror,fear,disgust,true,15,1.0,h,seta,within_set
A-loathing-01,A-ecstasy-07,loathing,ecstasy,joy,disgust,true,15,1.0,h,seta,within_set
A-loathing-01,A-amazement-07,loathing,amazement,surprise,disgust,true,15,1.0,h,seta,within_set
A-loathing-01,A-admiration-07,loathing,admiration,relief,disgust,true,15,1.0,h,seta,within_set
A-loathing-01,A-vigilance-07,loathing,vigilance,anxiety,disgust,true,15,1.0,h,seta,within_set
A-amazement-01,A-rage-07,amazement,rage,anger,surprise,true,15,1.0,h,seta,within_set
A-amazement-01,A-grief-07,amazement,grief,sadness,surprise,true,15,1.0,h,seta,within_set
A-amazement-01,A-terror-07,amazement,terror,fear,surprise,true,15,1.0,h,seta,within_set
A-amazement-01,A-ecstasy-07,amazement,ecstasy,joy,surprise,true,15,1.0,h,seta,within_set
A-amazement-01,A-loathing-07,amazement,loathing,anger,surprise,true,15,1.0,h,seta,within_set
A-amazement-01,A-admiration-07,amazement,admiration,relief,surprise,true,15,1.0,h,seta,within_set
A-amazement-01,A-vigilance-07,amazement,vigilance,anxiety,surprise,true,15,1.0,h,seta,within_set
A-admiration-01,A-rage-07,admiration,rage,anger,happiness,false,15,1.0,h,seta,within_set
A-admiration-01,A-grief-07,admiration,grief,sadness,happiness,false,15,1.0,h,seta,within_set
A-admiration-01,A-terror-07,admiration,terror,fear,happiness,false,15,1.0,h,seta,within_set
A-admiration-01,A-ecstasy-07,admiration,ecstasy,joy,happiness,false,15,1.0,h,seta,within_set
A-admiration-01,A-loathing-07,admiration,loathing,anger,happiness,false,15,1.0,h,seta,within_set
A-admiration-01,A-amazement-07,admiration,amazement,surprise,happiness,false,15,1.0,h,seta,within_set
A-admiration-01,A-vigilance-07,admiration,vigilance,anxiety,happiness,false,15,1.0,h,seta,within_set
A-vigilance-01,A-rage-07,vigilance,rage,anger,fear,false,15,1.0,h,seta,within_set
A-vigilance-01,A-grief-07,vigilance,grief,sadness,fear,false,15,1.0,h,seta,within_set
A-vigilance-01,A-terror-07,vigilance,terror,fear,fear,false,15,1.0,h,seta,within_set
A-vigilance-01,A-ecstasy-07,vigilance,ecstasy,joy,fear,false,15,1.0,h,seta,within_set
A-vigilance-01,A-loathing-07,vigilance,loathing,anger,fear,false,15,1.0,h,seta,within_set
A-vigilance-01,A-amazement-07,vigilance,amazement,surprise,fear,false,15,1.0,h,seta,within_set
A-vigilance-01,A-admiration-07,vigilance,admiration,relief,fear,false,15,1.0,h,seta,within_set
